-- MySQL dump 10.13  Distrib 5.7.25, for Linux (x86_64)
--
-- Host: localhost    Database: quincy
-- ------------------------------------------------------
-- Server version	5.7.25-0ubuntu0.18.04.2

/*!40101 SET @OLD_CHARACTER_SET_CLIENT=@@CHARACTER_SET_CLIENT */;
/*!40101 SET @OLD_CHARACTER_SET_RESULTS=@@CHARACTER_SET_RESULTS */;
/*!40101 SET @OLD_COLLATION_CONNECTION=@@COLLATION_CONNECTION */;
/*!40101 SET NAMES utf8 */;
/*!40103 SET @OLD_TIME_ZONE=@@TIME_ZONE */;
/*!40103 SET TIME_ZONE='+00:00' */;
/*!40014 SET @OLD_UNIQUE_CHECKS=@@UNIQUE_CHECKS, UNIQUE_CHECKS=0 */;
/*!40014 SET @OLD_FOREIGN_KEY_CHECKS=@@FOREIGN_KEY_CHECKS, FOREIGN_KEY_CHECKS=0 */;
/*!40101 SET @OLD_SQL_MODE=@@SQL_MODE, SQL_MODE='NO_AUTO_VALUE_ON_ZERO' */;
/*!40111 SET @OLD_SQL_NOTES=@@SQL_NOTES, SQL_NOTES=0 */;

--
-- Table structure for table `LB_paid_list`
--

DROP TABLE IF EXISTS `LB_paid_list`;
/*!40101 SET @saved_cs_client     = @@character_set_client */;
/*!40101 SET character_set_client = utf8 */;
CREATE TABLE `LB_paid_list` (
  `Billed_Month` date DEFAULT NULL,
  `BillingCode` varchar(25) NOT NULL,
  `Description` varchar(255) NOT NULL,
  `Status` varchar(25) NOT NULL,
  `Filler` varchar(10) DEFAULT NULL
) ENGINE=InnoDB DEFAULT CHARSET=latin1;
/*!40101 SET character_set_client = @saved_cs_client */;

--
-- Dumping data for table `LB_paid_list`
--

LOCK TABLES `LB_paid_list` WRITE;
/*!40000 ALTER TABLE `LB_paid_list` DISABLE KEYS */;
INSERT INTO `LB_paid_list` VALUES ('2019-02-28','WCHV','MRC FIX Two Way Connection Equities [Client Conventus] Jason Mallor','Paid','Yes'),('2019-02-28','UBSW','MRC risk platform & FIX Equities drop copy fee [client CONVENTUS]','Paid','Yes'),('2019-02-28','NITE','MRC OMS & FIX Equities order routing fee [client POTOMAC]','Paid','Yes'),('2019-02-28','ML','MRC risk platform & FIX Equities drop copy fee [client CONVENTUS]','Paid','Yes'),('2019-02-28','JONE','MRC OMS & FIX Equities order routing fee [client POTOMAC]','Paid','Yes'),('2019-02-28','JONE','2 way fix connection: Hunter\'s Peak to Jones (Eze OMS)','Paid','Yes'),('2019-02-28','JONE','Jones Icon Base Fee (Next month\'s service)','Paid','Yes'),('2019-02-28','JONE','Kynikos FIX Order Routing Connection','Paid','Yes'),('2019-02-28','JONE','MRC FIC Two Way FIX Connection Equities Client LANDSCAPE','Paid','Yes'),('2019-02-28','JEFF','MRC FIX Two Way Connection Equities [Client Conventus] Jason Mallor','Paid','Yes'),('2019-02-28','JEFF','MRC risk platform & FIX Equities drop copy fee BBG/REDI [client CONVENTUS]','Paid','Yes'),('2019-02-28','JEFF','MRC OMS & FIX Options order routing fee client POTOMAC','Paid','Yes'),('2019-02-28','JEFF','MRC OMS & FIX Equities order routing fee [client POTOMAC]','Paid','Yes'),('2019-02-28','GS','MRC risk platform & FIX Equities drop copy fee [client CONVENTUS]','Paid','Yes'),('2019-02-28','CHLM','MRC OMS & FIX Equities order routing fee [client POTOMAC]','Paid','Yes'),('2019-02-28','BCMS','Portfolio Management Base Fee Client [Conventus Capital LLC] ','Paid','Yes'),('2019-01-31','BOOK','MRC risk platform & non-US FIX Equities drop copy fee [client CONVENTUS]','Paid','Yes'),('2019-01-31','BOOK','MRC risk platform & US FIX Equities drop copy fee [client CONVENTUS]','Paid','Yes'),('2017-07-31','RILY','MRC FIX Granite Capital Order Routing','Paid','Yes'),('2017-07-31','RILY','MRC FIX Manatuck Order Routing','Paid','Yes'),('2017-07-31','RILY','MRC FIX Dialectic Order Routing','Paid','Yes'),('2017-07-31','RILY','MRC FIX Doheny Order Routing','Paid','Yes'),('2017-07-31','RILY','MRC OMS & FIX Equitiies order routing fee [client POTOMAC]','Paid','Yes'),('2017-03-31','BOOK','MRC risk platform & US FIX Equities drop copy fee [client CONVENTUS]','Paid','Yes'),('2017-03-31','BOOK','MRC risk platform & non-US FIX Equities drop copy fee [client CONVENTUS]','Paid','Yes');
/*!40000 ALTER TABLE `LB_paid_list` ENABLE KEYS */;
UNLOCK TABLES;

--
-- Table structure for table `back_month_billed`
--

DROP TABLE IF EXISTS `back_month_billed`;
/*!40101 SET @saved_cs_client     = @@character_set_client */;
/*!40101 SET character_set_client = utf8 */;
CREATE TABLE `back_month_billed` (
  `Attributable` varchar(25) NOT NULL,
  `BillingCode` varchar(25) NOT NULL,
  `Description` varchar(255) NOT NULL
) ENGINE=InnoDB DEFAULT CHARSET=latin1;
/*!40101 SET character_set_client = @saved_cs_client */;

--
-- Dumping data for table `back_month_billed`
--

LOCK TABLES `back_month_billed` WRITE;
/*!40000 ALTER TABLE `back_month_billed` DISABLE KEYS */;
INSERT INTO `back_month_billed` VALUES ('DINO','DINO','Base OMS/EMS Fee'),('DINO','DINO','Clearing firm integration Wedbush'),('DINO','DINO','MRC User: Ed Coyle'),('DINO','DINO','MRC User: John Kerrigan'),('DINO','DINO','OATS Reporting (MPID APBI)');
/*!40000 ALTER TABLE `back_month_billed` ENABLE KEYS */;
UNLOCK TABLES;

--
-- Table structure for table `codemap`
--

DROP TABLE IF EXISTS `codemap`;
/*!40101 SET @saved_cs_client     = @@character_set_client */;
/*!40101 SET character_set_client = utf8 */;
CREATE TABLE `codemap` (
  `BillingCode` varchar(25) NOT NULL,
  `Firm_Code` varchar(25) NOT NULL,
  PRIMARY KEY (`BillingCode`)
) ENGINE=InnoDB DEFAULT CHARSET=latin1;
/*!40101 SET character_set_client = @saved_cs_client */;

--
-- Dumping data for table `codemap`
--

LOCK TABLES `codemap` WRITE;
/*!40000 ALTER TABLE `codemap` DISABLE KEYS */;
INSERT INTO `codemap` VALUES ('ABBY','ABBY'),('BCMS','BCMS'),('BOOK','BOOK'),('BTIG','BTIG'),('CHLM','CHLM'),('DINO','DINO'),('GS','GSCO'),('JEFF','JEFF'),('JONE','JONE'),('ML','MLCO'),('MSCO','MSCO'),('NITE','NITE2'),('RAJA','RAJA'),('RILY','RILY'),('UBSW','UBS2'),('WCHV','WCHV2'),('WEED','WEED');
/*!40000 ALTER TABLE `codemap` ENABLE KEYS */;
UNLOCK TABLES;

--
-- Table structure for table `invoices`
--

DROP TABLE IF EXISTS `invoices`;
/*!40101 SET @saved_cs_client     = @@character_set_client */;
/*!40101 SET character_set_client = utf8 */;
CREATE TABLE `invoices` (
  `INV_CODE` varchar(25) DEFAULT NULL,
  `Invoice_Date` date NOT NULL,
  `Billed_Month` date NOT NULL,
  `Service_Month` date NOT NULL,
  `Payee` varchar(10) NOT NULL,
  `Firm_Code` varchar(25) NOT NULL,
  `BillingCode` varchar(25) NOT NULL,
  `Attributable` varchar(25) NOT NULL,
  `Description` varchar(255) NOT NULL,
  `Rate` decimal(10,0) NOT NULL,
  `Commission` decimal(10,2) NOT NULL,
  `Percentage` decimal(10,2) NOT NULL,
  `Status` varchar(25) NOT NULL,
  PRIMARY KEY (`Billed_Month`,`BillingCode`,`Attributable`,`Description`)
) ENGINE=InnoDB DEFAULT CHARSET=latin1;
/*!40101 SET character_set_client = @saved_cs_client */;

--
-- Dumping data for table `invoices`
--

LOCK TABLES `invoices` WRITE;
/*!40000 ALTER TABLE `invoices` DISABLE KEYS */;
INSERT INTO `invoices` VALUES ('MSCO:42613','2016-09-30','2016-09-30','2016-09-30','Quincy','MSCO','MSCO','CONVENTUS','MRC risk platform & FIX Equities drop copy fee [client CONVENTUS]',300,75.00,25.00,'Paid'),('BCMS:42675','2016-11-01','2016-10-31','2016-11-30','Quincy','BCMS','BCMS','CONVENTUS','Portfolio Management Base Fee Client [Conventus Capital LLC] ',2000,500.00,25.00,'Paid'),('ML:42674','2016-10-31','2016-10-31','2016-10-31','Quincy','MLCO','ML','CONVENTUS','MRC risk platform & FIX Equities drop copy fee [client CONVENTUS]',300,75.00,25.00,'Paid'),('MSCO:42674','2016-10-31','2016-10-31','2016-10-31','Quincy','MSCO','MSCO','CONVENTUS','MRC risk platform & FIX Equities drop copy fee [client CONVENTUS]',300,75.00,25.00,'Paid'),('NITE:42674','2016-10-31','2016-10-31','2016-10-31','Quincy','NITE2','NITE','POTOMAC','MRC OMS & FIX Equities order routing fee [client POTOMAC]',500,125.00,25.00,'Paid'),('RAJA:42674','2016-10-31','2016-10-31','2016-10-31','Quincy','RAJA','RAJA','JONES','MRC OMS & FIX Equities order routing fee [client Jones Trading]',500,125.00,25.00,'Paid'),('ABBY:42703','2016-12-01','2016-11-30','2016-12-31','Quincy','ABBY','ABBY','ABBY','Base OMS/EMS Fee',2500,625.00,25.00,'Paid'),('ABBY:42703','2016-12-01','2016-11-30','2016-12-31','Quincy','ABBY','ABBY','ABBY','Clearing firm integration Wedbush',500,125.00,25.00,'Paid'),('ABBY:42703','2016-12-01','2016-11-30','2016-12-31','Quincy','ABBY','ABBY','ABBY','MRC User: Ed Coyle',200,50.00,25.00,'Paid'),('ABBY:42703','2016-12-01','2016-11-30','2016-12-31','Quincy','ABBY','ABBY','ABBY','MRC User: John Kerrigan',200,50.00,25.00,'Paid'),('ABBY:42703','2016-12-01','2016-11-30','2016-12-31','Quincy','ABBY','ABBY','ABBY','OATS Reporting (MPID APBI)',200,50.00,25.00,'Paid'),('BCMS:42703','2016-12-01','2016-11-30','2016-12-31','Quincy','BCMS','BCMS','CONVENTUS','Portfolio Management Base Fee Client [Conventus Capital LLC] ',2000,500.00,25.00,'Paid'),('BOOK:42702','2016-11-30','2016-11-30','2016-11-30','Quincy','BOOK','BOOK','CONVENTUS','MRC risk platform & non-US FIX Equities drop copy fee [client CONVENTUS]',500,125.00,25.00,'Paid'),('BOOK:42702','2016-11-30','2016-11-30','2016-11-30','Quincy','BOOK','BOOK','CONVENTUS','MRC risk platform & US FIX Equities drop copy fee [client CONVENTUS]',500,125.00,25.00,'Paid'),('BTIG:42702','2016-11-30','2016-11-30','2016-11-30','Quincy','BTIG','BTIG','CONVENTUS','MRC risk platform & FIX Equities drop copy fee [client CONVENTUS]',300,75.00,25.00,'Paid'),('BTIG:42702','2016-11-30','2016-11-30','2016-11-30','Quincy','BTIG','BTIG','POTOMAC','MRC OMS & FIX Equitiies order routing fee [client POTOMAC]',500,125.00,25.00,'Paid'),('CHLM:42702','2016-11-30','2016-11-30','2016-11-30','Quincy','CHLM','CHLM','POTOMAC','MRC OMS & FIX Equities order routing fee [client POTOMAC]',500,125.00,25.00,'Paid'),('GS:42702','2016-11-30','2016-11-30','2016-11-30','Quincy','GSCO','GS','CONVENTUS','MRC risk platform & FIX Equities drop copy fee [client CONVENTUS]',500,125.00,25.00,'Paid'),('JEFF:42702','2016-11-30','2016-11-30','2016-11-30','Quincy','JEFF','JEFF','CONVENTUS','MRC FIX Two Way Connection Equities [Client Conventus] Jason Mallor',500,125.00,25.00,'Paid'),('JEFF:42702','2016-11-30','2016-11-30','2016-11-30','Quincy','JEFF','JEFF','CONVENTUS','MRC risk platform & FIX Equities drop copy fee BBG/REDI [client CONVENTUS]',300,75.00,25.00,'Paid'),('JEFF:42702','2016-11-30','2016-11-30','2016-11-30','Quincy','JEFF','JEFF','POTOMAC','MRC OMS & FIX Equities order routing fee [client POTOMAC]',500,125.00,25.00,'Paid'),('JEFF:42702','2016-11-30','2016-11-30','2016-11-30','Quincy','JEFF','JEFF','POTOMAC','MRC OMS & FIX Options order routing fee client POTOMAC',500,125.00,25.00,'Paid'),('JONE:42702','2016-11-30','2016-11-30','2016-11-30','Quincy','JONE','JONE','JONES','2 way fix connection: Hunter\'s Peak to Jones (Eze OMS)',150,37.50,25.00,'Paid'),('JONE:42702','2016-11-30','2016-11-30','2016-12-31','Quincy','JONE','JONE','JONES','Jones Icon Base Fee (Next month\'s service)',12000,3000.00,25.00,'Paid'),('JONE:42702','2016-11-30','2016-11-30','2016-11-30','Quincy','JONE','JONE','JONES','Kynikos FIX Order Routing Connection',150,37.50,25.00,'Paid'),('JONE:42702','2016-11-30','2016-11-30','2016-11-30','Quincy','JONE','JONE','JONES','MRC FIC Two Way FIX Connection Equities Client LANDSCAPE via Victor Securities',150,37.50,25.00,'Paid'),('JONE:42702','2016-11-30','2016-11-30','2016-11-30','Quincy','JONE','JONE','JONES','Newtyn FIX NOEs and Order Routing',150,37.50,25.00,'Paid'),('JONE:42702','2016-11-30','2016-11-30','2016-11-30','Quincy','JONE','JONE','JONES','Parametric FIX Order Routing',150,37.50,25.00,'Paid'),('JONE:42702','2016-11-30','2016-11-30','2016-11-30','Quincy','JONE','JONE','JONES','Pleasant Lake [EOD Broadcourt: NOE Eze: Blotter: FIX] (Next Month\'s Service)',1300,325.00,25.00,'Paid'),('JONE:42702','2016-11-30','2016-11-30','2016-11-30','Quincy','JONE','JONE','POTOMAC','MRC OMS & FIX Equities order routing fee [client POTOMAC]',500,125.00,25.00,'Paid'),('ML:42702','2016-11-30','2016-11-30','2016-11-30','Quincy','MLCO','ML','CONVENTUS','MRC risk platform & FIX Equities drop copy fee [client CONVENTUS]',300,75.00,25.00,'Paid'),('MSCO:42702','2016-11-30','2016-11-30','2016-11-30','Quincy','MSCO','MSCO','CONVENTUS','MRC risk platform & FIX Equities drop copy fee [client CONVENTUS]',300,75.00,25.00,'Paid'),('NITE:42702','2016-11-30','2016-11-30','2016-11-30','Quincy','NITE2','NITE','POTOMAC','MRC OMS & FIX Equities order routing fee [client POTOMAC]',500,125.00,25.00,'Paid'),('RAJA:42702','2016-11-30','2016-11-30','2016-11-30','Quincy','RAJA','RAJA','JONES','MRC OMS & FIX Equities order routing fee [client Jones Trading]',500,125.00,25.00,'Paid'),('RILY:42702','2016-11-30','2016-11-30','2016-11-30','Quincy','RILY','RILY','POTOMAC','MRC OMS & FIX Equitiies order routing fee [client POTOMAC]',250,62.50,25.00,'Paid'),('RILY:42702','2016-11-30','2016-11-30','2016-11-30','Quincy','RILY','RILY','RILY','MRC FIX Dialectic Order Routing',150,37.50,25.00,'Paid'),('RILY:42702','2016-11-30','2016-11-30','2016-11-30','Quincy','RILY','RILY','RILY','MRC FIX Doheny Order Routing',150,37.50,25.00,'Paid'),('RILY:42702','2016-11-30','2016-11-30','2016-11-30','Quincy','RILY','RILY','RILY','MRC FIX Granite Capital Order Routing',150,37.50,25.00,'Paid'),('RILY:42702','2016-11-30','2016-11-30','2016-11-30','Quincy','RILY','RILY','RILY','MRC FIX Manatuck Order Routing',150,37.50,25.00,'Paid'),('UBSW:42702','2016-11-30','2016-11-30','2016-11-30','Quincy','UBS2','UBSW','CONVENTUS','MRC risk platform & FIX Equities drop copy fee [client CONVENTUS]',300,75.00,25.00,'Paid'),('WCHV:42702','2016-11-30','2016-11-30','2016-11-30','Quincy','WCHV2','WCHV','CONVENTUS','MRC FIX Two Way Connection Equities [Client Conventus] Jason Mallor',500,125.00,25.00,'Paid'),('WEED:42702','2016-11-30','2016-11-30','2016-11-30','Quincy','WEED','WEED','LINCOLN','MRC FIX: Lincoln Capital',500,125.00,25.00,'Paid'),('ABBY:42734','2017-01-01','2016-12-31','2017-01-31','Quincy','ABBY','ABBY','ABBY','Base OMS/EMS Fee',2500,625.00,25.00,'Paid'),('ABBY:42734','2017-01-01','2016-12-31','2017-01-31','Quincy','ABBY','ABBY','ABBY','Clearing firm integration Wedbush',500,125.00,25.00,'Paid'),('ABBY:42734','2017-01-01','2016-12-31','2017-01-31','Quincy','ABBY','ABBY','ABBY','MRC User: Ed Coyle',200,50.00,25.00,'Paid'),('ABBY:42734','2017-01-01','2016-12-31','2017-01-31','Quincy','ABBY','ABBY','ABBY','MRC User: John Kerrigan',200,50.00,25.00,'Paid'),('ABBY:42734','2017-01-01','2016-12-31','2017-01-31','Quincy','ABBY','ABBY','ABBY','OATS Reporting (MPID APBI)',200,50.00,25.00,'Paid'),('BCMS:42734','2017-01-01','2016-12-31','2017-01-31','Quincy','BCMS','BCMS','CONVENTUS','Portfolio Management Base Fee Client [Conventus Capital LLC] ',2000,500.00,25.00,'Paid'),('BOOK:42733','2016-12-31','2016-12-31','2016-12-31','Quincy','BOOK','BOOK','CONVENTUS','MRC risk platform & non-US FIX Equities drop copy fee [client CONVENTUS]',500,125.00,25.00,'Paid'),('BOOK:42733','2016-12-31','2016-12-31','2016-12-31','Quincy','BOOK','BOOK','CONVENTUS','MRC risk platform & US FIX Equities drop copy fee [client CONVENTUS]',500,125.00,25.00,'Paid'),('BTIG:42733','2016-12-31','2016-12-31','2016-12-31','Quincy','BTIG','BTIG','CONVENTUS','MRC risk platform & FIX Equities drop copy fee [client CONVENTUS]',300,75.00,25.00,'Paid'),('BTIG:42733','2016-12-31','2016-12-31','2016-12-31','Quincy','BTIG','BTIG','POTOMAC','MRC OMS & FIX Equitiies order routing fee [client POTOMAC]',500,125.00,25.00,'Paid'),('CHLM:42733','2016-12-31','2016-12-31','2016-12-31','Quincy','CHLM','CHLM','POTOMAC','MRC OMS & FIX Equities order routing fee [client POTOMAC]',500,125.00,25.00,'Paid'),('GS:42733','2016-12-31','2016-12-31','2016-12-31','Quincy','GSCO','GS','CONVENTUS','MRC risk platform & FIX Equities drop copy fee [client CONVENTUS]',500,125.00,25.00,'Paid'),('JEFF:42733','2016-12-31','2016-12-31','2016-12-31','Quincy','JEFF','JEFF','CONVENTUS','MRC FIX Two Way Connection Equities [Client Conventus] Jason Mallor',500,125.00,25.00,'Paid'),('JEFF:42733','2016-12-31','2016-12-31','2016-12-31','Quincy','JEFF','JEFF','CONVENTUS','MRC risk platform & FIX Equities drop copy fee BBG/REDI [client CONVENTUS]',300,75.00,25.00,'Paid'),('JEFF:42733','2016-12-31','2016-12-31','2016-12-31','Quincy','JEFF','JEFF','POTOMAC','MRC OMS & FIX Equities order routing fee [client POTOMAC]',500,125.00,25.00,'Paid'),('JEFF:42733','2016-12-31','2016-12-31','2016-12-31','Quincy','JEFF','JEFF','POTOMAC','MRC OMS & FIX Options order routing fee client POTOMAC',500,125.00,25.00,'Paid'),('JONE:42733','2016-12-31','2016-12-31','2016-12-31','Quincy','JONE','JONE','JONES','2 way fix connection: Hunter\'s Peak to Jones (Eze OMS)',150,37.50,25.00,'Paid'),('JONE:42733','2016-12-31','2016-12-31','2017-01-31','Quincy','JONE','JONE','JONES','Jones Icon Base Fee (Next month\'s service)',12000,3000.00,25.00,'Paid'),('JONE:42733','2016-12-31','2016-12-31','2016-12-31','Quincy','JONE','JONE','JONES','Kynikos FIX Order Routing Connection',150,37.50,25.00,'Paid'),('JONE:42733','2016-12-31','2016-12-31','2016-12-31','Quincy','JONE','JONE','JONES','MRC FIC Two Way FIX Connection Equities Client LANDSCAPE via Victor Securities',150,37.50,25.00,'Paid'),('JONE:42733','2016-12-31','2016-12-31','2016-12-31','Quincy','JONE','JONE','JONES','Newtyn FIX NOEs and Order Routing',150,37.50,25.00,'Paid'),('JONE:42733','2016-12-31','2016-12-31','2016-12-31','Quincy','JONE','JONE','JONES','Parametric FIX Order Routing',150,37.50,25.00,'Paid'),('JONE:42733','2016-12-31','2016-12-31','2016-12-31','Quincy','JONE','JONE','JONES','Pleasant Lake [EOD Broadcourt: NOE Eze: Blotter: FIX] (Next Month\'s Service)',1300,325.00,25.00,'Paid'),('JONE:42733','2016-12-31','2016-12-31','2016-12-31','Quincy','JONE','JONE','POTOMAC','MRC OMS & FIX Equities order routing fee [client POTOMAC]',500,125.00,25.00,'Paid'),('ML:42733','2016-12-31','2016-12-31','2016-12-31','Quincy','MLCO','ML','CONVENTUS','MRC risk platform & FIX Equities drop copy fee [client CONVENTUS]',300,75.00,25.00,'Paid'),('MSCO:42733','2016-12-31','2016-12-31','2016-12-31','Quincy','MSCO','MSCO','CONVENTUS','MRC risk platform & FIX Equities drop copy fee [client CONVENTUS]',300,75.00,25.00,'Paid'),('NITE:42733','2016-12-31','2016-12-31','2016-12-31','Quincy','NITE2','NITE','POTOMAC','MRC OMS & FIX Equities order routing fee [client POTOMAC]',500,125.00,25.00,'Paid'),('RAJA:42733','2016-12-31','2016-12-31','2016-12-31','Quincy','RAJA','RAJA','JONES','MRC OMS & FIX Equities order routing fee [client Jones Trading]',500,125.00,25.00,'Paid'),('RILY:42733','2016-12-31','2016-12-31','2016-12-31','Quincy','RILY','RILY','POTOMAC','MRC OMS & FIX Equitiies order routing fee [client POTOMAC]',250,62.50,25.00,'Paid'),('RILY:42733','2016-12-31','2016-12-31','2016-12-31','Quincy','RILY','RILY','RILY','MRC FIX Dialectic Order Routing',150,37.50,25.00,'Paid'),('RILY:42733','2016-12-31','2016-12-31','2016-12-31','Quincy','RILY','RILY','RILY','MRC FIX Doheny Order Routing',150,37.50,25.00,'Paid'),('RILY:42733','2016-12-31','2016-12-31','2016-12-31','Quincy','RILY','RILY','RILY','MRC FIX Granite Capital Order Routing',150,37.50,25.00,'Paid'),('RILY:42733','2016-12-31','2016-12-31','2016-12-31','Quincy','RILY','RILY','RILY','MRC FIX Manatuck Order Routing',150,37.50,25.00,'Paid'),('UBSW:42733','2016-12-31','2016-12-31','2016-12-31','Quincy','UBS2','UBSW','CONVENTUS','MRC risk platform & FIX Equities drop copy fee [client CONVENTUS]',300,75.00,25.00,'Paid'),('WCHV:42733','2016-12-31','2016-12-31','2016-12-31','Quincy','WCHV2','WCHV','CONVENTUS','MRC FIX Two Way Connection Equities [Client Conventus] Jason Mallor',500,125.00,25.00,'Paid'),('WEED:42733','2016-12-31','2016-12-31','2016-12-31','Quincy','WEED','WEED','LINCOLN','MRC FIX: Lincoln Capital',500,125.00,25.00,'Paid'),('ABBY:42765','2017-02-01','2017-01-31','2017-02-28','Quincy','ABBY','ABBY','ABBY','Base OMS/EMS Fee',2500,625.00,25.00,'Paid'),('ABBY:42765','2017-02-01','2017-01-31','2017-02-28','Quincy','ABBY','ABBY','ABBY','Clearing firm integration Wedbush',500,125.00,25.00,'Paid'),('ABBY:42765','2017-02-01','2017-01-31','2017-02-28','Quincy','ABBY','ABBY','ABBY','MRC User: Ed Coyle',200,50.00,25.00,'Paid'),('ABBY:42765','2017-02-01','2017-01-31','2017-02-28','Quincy','ABBY','ABBY','ABBY','MRC User: John Kerrigan',200,50.00,25.00,'Paid'),('ABBY:42765','2017-02-01','2017-01-31','2017-02-28','Quincy','ABBY','ABBY','ABBY','OATS Reporting (MPID APBI)',200,50.00,25.00,'Paid'),('BCMS:42765','2017-02-01','2017-01-31','2017-02-28','Quincy','BCMS','BCMS','CONVENTUS','Portfolio Management Base Fee Client [Conventus Capital LLC] ',2000,500.00,25.00,'Paid'),('BOOK:42764','2017-01-31','2017-01-31','2017-01-31','Quincy','BOOK','BOOK','CONVENTUS','MRC risk platform & non-US FIX Equities drop copy fee [client CONVENTUS]',500,125.00,25.00,'Paid'),('BOOK:42764','2017-01-31','2017-01-31','2017-01-31','Quincy','BOOK','BOOK','CONVENTUS','MRC risk platform & US FIX Equities drop copy fee [client CONVENTUS]',500,125.00,25.00,'Paid'),('BTIG:42764','2017-01-31','2017-01-31','2017-01-31','Quincy','BTIG','BTIG','CONVENTUS','MRC risk platform & FIX Equities drop copy fee [client CONVENTUS]',300,75.00,25.00,'Paid'),('BTIG:42764','2017-01-31','2017-01-31','2017-01-31','Quincy','BTIG','BTIG','POTOMAC','MRC OMS & FIX Equitiies order routing fee [client POTOMAC]',500,125.00,25.00,'Paid'),('CHLM:42764','2017-01-31','2017-01-31','2017-01-31','Quincy','CHLM','CHLM','POTOMAC','MRC OMS & FIX Equities order routing fee [client POTOMAC]',500,125.00,25.00,'Paid'),('DINO:42793','2017-03-01','2017-01-31','2017-03-31','Quincy','DINO','DINO','DINO','Base OMS/EMS Fee',2500,625.00,25.00,'Paid'),('DINO:42793','2017-03-01','2017-01-31','2017-03-31','Quincy','DINO','DINO','DINO','Clearing firm integration Wedbush',500,125.00,25.00,'Paid'),('DINO:42793','2017-03-01','2017-01-31','2017-03-31','Quincy','DINO','DINO','DINO','MRC User: Ed Coyle',200,50.00,25.00,'Paid'),('DINO:42793','2017-03-01','2017-01-31','2017-03-31','Quincy','DINO','DINO','DINO','MRC User: John Kerrigan',200,50.00,25.00,'Paid'),('DINO:42793','2017-03-01','2017-01-31','2017-03-31','Quincy','DINO','DINO','DINO','OATS Reporting (MPID APBI)',200,50.00,25.00,'Paid'),('GS:42764','2017-01-31','2017-01-31','2017-01-31','Quincy','GSCO','GS','CONVENTUS','MRC risk platform & FIX Equities drop copy fee [client CONVENTUS]',500,125.00,25.00,'Paid'),('JEFF:42764','2017-01-31','2017-01-31','2017-01-31','Quincy','JEFF','JEFF','CONVENTUS','MRC FIX Two Way Connection Equities [Client Conventus] Jason Mallor',500,125.00,25.00,'Paid'),('JEFF:42764','2017-01-31','2017-01-31','2017-01-31','Quincy','JEFF','JEFF','CONVENTUS','MRC risk platform & FIX Equities drop copy fee BBG/REDI [client CONVENTUS]',300,75.00,25.00,'Paid'),('JEFF:42764','2017-01-31','2017-01-31','2017-01-31','Quincy','JEFF','JEFF','POTOMAC','MRC OMS & FIX Equities order routing fee [client POTOMAC]',500,125.00,25.00,'Paid'),('JEFF:42764','2017-01-31','2017-01-31','2017-01-31','Quincy','JEFF','JEFF','POTOMAC','MRC OMS & FIX Options order routing fee client POTOMAC',500,125.00,25.00,'Paid'),('JONE:42764','2017-01-31','2017-01-31','2017-01-31','Quincy','JONE','JONE','JONES','2 way fix connection: Hunter\'s Peak to Jones (Eze OMS)',150,37.50,25.00,'Paid'),('JONE:42764','2017-01-31','2017-01-31','2017-02-28','Quincy','JONE','JONE','JONES','Jones Icon Base Fee (Next month\'s service)',12000,3000.00,25.00,'Paid'),('JONE:42764','2017-01-31','2017-01-31','2017-01-31','Quincy','JONE','JONE','JONES','Kynikos FIX Order Routing Connection',150,37.50,25.00,'Paid'),('JONE:42764','2017-01-31','2017-01-31','2017-01-31','Quincy','JONE','JONE','JONES','MRC FIC Two Way FIX Connection Equities Client LANDSCAPE via Victor Securities',150,37.50,25.00,'Paid'),('JONE:42764','2017-01-31','2017-01-31','2017-01-31','Quincy','JONE','JONE','JONES','Parametric FIX Order Routing',150,37.50,25.00,'Paid'),('JONE:42764','2017-01-31','2017-01-31','2017-01-31','Quincy','JONE','JONE','JONES','Pleasant Lake [EOD Broadcourt: NOE Eze: Blotter: FIX] (Next Month\'s Service)',1300,325.00,25.00,'Paid'),('JONE:42764','2017-01-31','2017-01-31','2017-01-31','Quincy','JONE','JONE','POTOMAC','MRC OMS & FIX Equities order routing fee [client POTOMAC]',500,125.00,25.00,'Paid'),('ML:42764','2017-01-31','2017-01-31','2017-01-31','Quincy','MLCO','ML','CONVENTUS','MRC risk platform & FIX Equities drop copy fee [client CONVENTUS]',300,75.00,25.00,'Paid'),('NITE:42764','2017-01-31','2017-01-31','2017-01-31','Quincy','NITE2','NITE','POTOMAC','MRC OMS & FIX Equities order routing fee [client POTOMAC]',500,125.00,25.00,'Paid'),('RAJA:42764','2017-01-31','2017-01-31','2017-01-31','Quincy','RAJA','RAJA','JONES','MRC OMS & FIX Equities order routing fee [client Jones Trading]',500,125.00,25.00,'Paid'),('RILY:42764','2017-01-31','2017-01-31','2017-01-31','Quincy','RILY','RILY','POTOMAC','MRC OMS & FIX Equitiies order routing fee [client POTOMAC]',250,62.50,25.00,'Paid'),('RILY:42764','2017-01-31','2017-01-31','2017-01-31','Quincy','RILY','RILY','RILY','MRC FIX Dialectic Order Routing',150,37.50,25.00,'Paid'),('RILY:42764','2017-01-31','2017-01-31','2017-01-31','Quincy','RILY','RILY','RILY','MRC FIX Doheny Order Routing',150,37.50,25.00,'Paid'),('RILY:42764','2017-01-31','2017-01-31','2017-01-31','Quincy','RILY','RILY','RILY','MRC FIX Granite Capital Order Routing',150,37.50,25.00,'Paid'),('RILY:42764','2017-01-31','2017-01-31','2017-01-31','Quincy','RILY','RILY','RILY','MRC FIX Manatuck Order Routing',150,37.50,25.00,'Paid'),('UBSW:42764','2017-01-31','2017-01-31','2017-01-31','Quincy','UBS2','UBSW','CONVENTUS','MRC risk platform & FIX Equities drop copy fee [client CONVENTUS]',300,75.00,25.00,'Paid'),('WCHV:42764','2017-01-31','2017-01-31','2017-01-31','Quincy','WCHV2','WCHV','CONVENTUS','MRC FIX Two Way Connection Equities [Client Conventus] Jason Mallor',500,125.00,25.00,'Paid'),('WEED:42764','2017-01-31','2017-01-31','2017-01-31','Quincy','WEED','WEED','LINCOLN','MRC FIX: Lincoln Capital',500,125.00,25.00,'Paid'),('BCMS:42793','2017-03-01','2017-02-28','2017-03-31','Quincy','BCMS','BCMS','CONVENTUS','Portfolio Management Base Fee Client [Conventus Capital LLC] ',2000,500.00,25.00,'Paid'),('BOOK:42792','2017-02-28','2017-02-28','2017-02-28','Quincy','BOOK','BOOK','CONVENTUS','MRC risk platform & non-US FIX Equities drop copy fee [client CONVENTUS]',500,125.00,25.00,'Paid'),('BOOK:42792','2017-02-28','2017-02-28','2017-02-28','Quincy','BOOK','BOOK','CONVENTUS','MRC risk platform & US FIX Equities drop copy fee [client CONVENTUS]',500,125.00,25.00,'Paid'),('BTIG:42792','2017-02-28','2017-02-28','2017-02-28','Quincy','BTIG','BTIG','CONVENTUS','MRC risk platform & FIX Equities drop copy fee [client CONVENTUS]',300,75.00,25.00,'Paid'),('BTIG:42792','2017-02-28','2017-02-28','2017-02-28','Quincy','BTIG','BTIG','POTOMAC','MRC OMS & FIX Equitiies order routing fee [client POTOMAC]',500,125.00,25.00,'Paid'),('CHLM:42792','2017-02-28','2017-02-28','2017-02-28','Quincy','CHLM','CHLM','POTOMAC','MRC OMS & FIX Equities order routing fee [client POTOMAC]',500,125.00,25.00,'Paid'),('DINO:42824','2017-04-01','2017-02-28','2017-04-30','Quincy','DINO','DINO','DINO','Base OMS/EMS Fee',2500,625.00,25.00,'Paid'),('DINO:42824','2017-04-01','2017-02-28','2017-04-30','Quincy','DINO','DINO','DINO','Clearing firm integration Wedbush',500,125.00,25.00,'Paid'),('DINO:42824','2017-04-01','2017-02-28','2017-04-30','Quincy','DINO','DINO','DINO','MRC User: Ed Coyle',200,50.00,25.00,'Paid'),('DINO:42824','2017-04-01','2017-02-28','2017-04-30','Quincy','DINO','DINO','DINO','MRC User: John Kerrigan',200,50.00,25.00,'Paid'),('DINO:42824','2017-04-01','2017-02-28','2017-04-30','Quincy','DINO','DINO','DINO','OATS Reporting (MPID APBI)',200,50.00,25.00,'Paid'),('GS:42792','2017-02-28','2017-02-28','2017-02-28','Quincy','GSCO','GS','CONVENTUS','MRC risk platform & FIX Equities drop copy fee [client CONVENTUS]',500,125.00,25.00,'Paid'),('JEFF:42792','2017-02-28','2017-02-28','2017-02-28','Quincy','JEFF','JEFF','CONVENTUS','MRC FIX Two Way Connection Equities [Client Conventus] Jason Mallor',500,125.00,25.00,'Paid'),('JEFF:42792','2017-02-28','2017-02-28','2017-02-28','Quincy','JEFF','JEFF','CONVENTUS','MRC risk platform & FIX Equities drop copy fee BBG/REDI [client CONVENTUS]',300,75.00,25.00,'Paid'),('JEFF:42792','2017-02-28','2017-02-28','2017-02-28','Quincy','JEFF','JEFF','POTOMAC','MRC OMS & FIX Equities order routing fee [client POTOMAC]',500,125.00,25.00,'Paid'),('JEFF:42792','2017-02-28','2017-02-28','2017-02-28','Quincy','JEFF','JEFF','POTOMAC','MRC OMS & FIX Options order routing fee client POTOMAC',500,125.00,25.00,'Paid'),('JONE:42792','2017-02-28','2017-02-28','2017-02-28','Quincy','JONE','JONE','JONES','2 way fix connection: Hunter\'s Peak to Jones (Eze OMS)',150,37.50,25.00,'Paid'),('JONE:42792','2017-02-28','2017-02-28','2017-03-31','Quincy','JONE','JONE','JONES','Jones Icon Base Fee (Next month\'s service)',12000,3000.00,25.00,'Paid'),('JONE:42792','2017-02-28','2017-02-28','2017-02-28','Quincy','JONE','JONE','JONES','Kynikos FIX Order Routing Connection',150,37.50,25.00,'Paid'),('JONE:42792','2017-02-28','2017-02-28','2017-02-28','Quincy','JONE','JONE','JONES','MRC FIC Two Way FIX Connection Equities Client LANDSCAPE via Victor Securities',150,37.50,25.00,'Paid'),('JONE:42792','2017-02-28','2017-02-28','2017-02-28','Quincy','JONE','JONE','JONES','Parametric FIX Order Routing',150,37.50,25.00,'Paid'),('JONE:42792','2017-02-28','2017-02-28','2017-02-28','Quincy','JONE','JONE','POTOMAC','MRC OMS & FIX Equities order routing fee [client POTOMAC]',500,125.00,25.00,'Paid'),('ML:42792','2017-02-28','2017-02-28','2017-02-28','Quincy','MLCO','ML','CONVENTUS','MRC risk platform & FIX Equities drop copy fee [client CONVENTUS]',300,75.00,25.00,'Paid'),('NITE:42792','2017-02-28','2017-02-28','2017-02-28','Quincy','NITE2','NITE','POTOMAC','MRC OMS & FIX Equities order routing fee [client POTOMAC]',500,125.00,25.00,'Paid'),('RAJA:42792','2017-02-28','2017-02-28','2017-02-28','Quincy','RAJA','RAJA','JONES','MRC OMS & FIX Equities order routing fee [client Jones Trading]',500,125.00,25.00,'Paid'),('RILY:42792','2017-02-28','2017-02-28','2017-02-28','Quincy','RILY','RILY','POTOMAC','MRC OMS & FIX Equitiies order routing fee [client POTOMAC]',250,62.50,25.00,'Paid'),('RILY:42792','2017-02-28','2017-02-28','2017-02-28','Quincy','RILY','RILY','RILY','MRC FIX Dialectic Order Routing',150,37.50,25.00,'Paid'),('RILY:42792','2017-02-28','2017-02-28','2017-02-28','Quincy','RILY','RILY','RILY','MRC FIX Doheny Order Routing',150,37.50,25.00,'Paid'),('RILY:42792','2017-02-28','2017-02-28','2017-02-28','Quincy','RILY','RILY','RILY','MRC FIX Granite Capital Order Routing',150,37.50,25.00,'Paid'),('RILY:42792','2017-02-28','2017-02-28','2017-02-28','Quincy','RILY','RILY','RILY','MRC FIX Manatuck Order Routing',150,37.50,25.00,'Paid'),('UBSW:42792','2017-02-28','2017-02-28','2017-02-28','Quincy','UBS2','UBSW','CONVENTUS','MRC risk platform & FIX Equities drop copy fee [client CONVENTUS]',300,75.00,25.00,'Paid'),('WCHV:42792','2017-02-28','2017-02-28','2017-02-28','Quincy','WCHV2','WCHV','CONVENTUS','MRC FIX Two Way Connection Equities [Client Conventus] Jason Mallor',500,125.00,25.00,'Paid'),('WEED:42792','2017-02-28','2017-02-28','2017-02-28','Quincy','WEED','WEED','LINCOLN','MRC FIX: Lincoln Capital',500,125.00,25.00,'Paid'),('BCMS:42824','2017-04-01','2017-03-31','2017-04-30','Quincy','BCMS','BCMS','CONVENTUS','Portfolio Management Base Fee Client [Conventus Capital LLC] ',2000,500.00,25.00,'Paid'),('BOOK:42823','2017-03-31','2017-03-31','2017-03-31','Quincy','BOOK','BOOK','CONVENTUS','MRC risk platform & non-US FIX Equities drop copy fee [client CONVENTUS]',500,125.00,25.00,'Paid'),('BOOK:42823','2017-03-31','2017-03-31','2017-03-31','Quincy','BOOK','BOOK','CONVENTUS','MRC risk platform & US FIX Equities drop copy fee [client CONVENTUS]',500,125.00,25.00,'Paid'),('BTIG:42823','2017-03-31','2017-03-31','2017-03-31','Quincy','BTIG','BTIG','CONVENTUS','MRC risk platform & FIX Equities drop copy fee [client CONVENTUS]',300,75.00,25.00,'Paid'),('BTIG:42823','2017-03-31','2017-03-31','2017-03-31','Quincy','BTIG','BTIG','POTOMAC','MRC OMS & FIX Equitiies order routing fee [client POTOMAC]',500,125.00,25.00,'Paid'),('CHLM:42823','2017-03-31','2017-03-31','2017-03-31','Quincy','CHLM','CHLM','POTOMAC','MRC OMS & FIX Equities order routing fee [client POTOMAC]',500,125.00,25.00,'Paid'),('DINO:42854','2017-05-01','2017-03-31','2017-05-31','Quincy','DINO','DINO','DINO','Base OMS/EMS Fee',2500,625.00,25.00,'Paid'),('DINO:42854','2017-05-01','2017-03-31','2017-05-31','Quincy','DINO','DINO','DINO','Clearing firm integration Wedbush',500,125.00,25.00,'Paid'),('DINO:42854','2017-05-01','2017-03-31','2017-05-31','Quincy','DINO','DINO','DINO','MRC User: Ed Coyle',200,50.00,25.00,'Paid'),('DINO:42854','2017-05-01','2017-03-31','2017-05-31','Quincy','DINO','DINO','DINO','MRC User: John Kerrigan',200,50.00,25.00,'Paid'),('DINO:42854','2017-05-01','2017-03-31','2017-05-31','Quincy','DINO','DINO','DINO','OATS Reporting (MPID APBI)',200,50.00,25.00,'Paid'),('GS:42823','2017-03-31','2017-03-31','2017-03-31','Quincy','GSCO','GS','CONVENTUS','MRC risk platform & FIX Equities drop copy fee [client CONVENTUS]',500,125.00,25.00,'Paid'),('JEFF:42823','2017-03-31','2017-03-31','2017-03-31','Quincy','JEFF','JEFF','CONVENTUS','MRC FIX Two Way Connection Equities [Client Conventus] Jason Mallor',500,125.00,25.00,'Paid'),('JEFF:42823','2017-03-31','2017-03-31','2017-03-31','Quincy','JEFF','JEFF','CONVENTUS','MRC risk platform & FIX Equities drop copy fee BBG/REDI [client CONVENTUS]',300,75.00,25.00,'Paid'),('JEFF:42823','2017-03-31','2017-03-31','2017-03-31','Quincy','JEFF','JEFF','POTOMAC','MRC OMS & FIX Equities order routing fee [client POTOMAC]',500,125.00,25.00,'Paid'),('JEFF:42823','2017-03-31','2017-03-31','2017-03-31','Quincy','JEFF','JEFF','POTOMAC','MRC OMS & FIX Options order routing fee client POTOMAC',500,125.00,25.00,'Paid'),('JONE:42823','2017-03-31','2017-03-31','2017-03-31','Quincy','JONE','JONE','JONES','2 way fix connection: Hunter\'s Peak to Jones (Eze OMS)',150,37.50,25.00,'Paid'),('JONE:42823','2017-03-31','2017-03-31','2017-04-30','Quincy','JONE','JONE','JONES','Jones Icon Base Fee (Next month\'s service)',12000,3000.00,25.00,'Paid'),('JONE:42823','2017-03-31','2017-03-31','2017-03-31','Quincy','JONE','JONE','JONES','Kynikos FIX Order Routing Connection',150,37.50,25.00,'Paid'),('JONE:42823','2017-03-31','2017-03-31','2017-03-31','Quincy','JONE','JONE','JONES','MRC FIC Two Way FIX Connection Equities Client LANDSCAPE via Victor Securities',150,37.50,25.00,'Paid'),('JONE:42823','2017-03-31','2017-03-31','2017-03-31','Quincy','JONE','JONE','JONES','MRC Pleasant Lake Partners platform charge ',1300,325.00,25.00,'Paid'),('JONE:42823','2017-03-31','2017-03-31','2017-03-31','Quincy','JONE','JONE','JONES','Parametric FIX Order Routing',150,37.50,25.00,'Paid'),('JONE:42823','2017-03-31','2017-03-31','2017-03-31','Quincy','JONE','JONE','POTOMAC','MRC OMS & FIX Equities order routing fee [client POTOMAC]',500,125.00,25.00,'Paid'),('ML:42823','2017-03-31','2017-03-31','2017-03-31','Quincy','MLCO','ML','CONVENTUS','MRC risk platform & FIX Equities drop copy fee [client CONVENTUS]',300,75.00,25.00,'Paid'),('NITE:42823','2017-03-31','2017-03-31','2017-03-31','Quincy','NITE2','NITE','POTOMAC','MRC OMS & FIX Equities order routing fee [client POTOMAC]',500,125.00,25.00,'Paid'),('RAJA:42823','2017-03-31','2017-03-31','2017-03-31','Quincy','RAJA','RAJA','JONES','MRC OMS & FIX Equities order routing fee [client Jones Trading]',500,125.00,25.00,'Paid'),('RILY:42823','2017-03-31','2017-03-31','2017-03-31','Quincy','RILY','RILY','POTOMAC','MRC OMS & FIX Equitiies order routing fee [client POTOMAC]',250,62.50,25.00,'Paid'),('RILY:42823','2017-03-31','2017-03-31','2017-03-31','Quincy','RILY','RILY','RILY','MRC FIX Dialectic Order Routing',150,37.50,25.00,'Paid'),('RILY:42823','2017-03-31','2017-03-31','2017-03-31','Quincy','RILY','RILY','RILY','MRC FIX Doheny Order Routing',150,37.50,25.00,'Paid'),('RILY:42823','2017-03-31','2017-03-31','2017-03-31','Quincy','RILY','RILY','RILY','MRC FIX Granite Capital Order Routing',150,37.50,25.00,'Paid'),('RILY:42823','2017-03-31','2017-03-31','2017-03-31','Quincy','RILY','RILY','RILY','MRC FIX Manatuck Order Routing',150,37.50,25.00,'Paid'),('UBSW:42823','2017-03-31','2017-03-31','2017-03-31','Quincy','UBS2','UBSW','CONVENTUS','MRC risk platform & FIX Equities drop copy fee [client CONVENTUS]',300,75.00,25.00,'Paid'),('WCHV:42823','2017-03-31','2017-03-31','2017-03-31','Quincy','WCHV2','WCHV','CONVENTUS','MRC FIX Two Way Connection Equities [Client Conventus] Jason Mallor',500,125.00,25.00,'Paid'),('WEED:42823','2017-03-31','2017-03-31','2017-03-31','Quincy','WEED','WEED','LINCOLN','MRC FIX: Lincoln Capital',500,125.00,25.00,'Paid'),('BCMS:42854','2017-05-01','2017-04-30','2017-05-31','Quincy','BCMS','BCMS','CONVENTUS','Portfolio Management Base Fee Client [Conventus Capital LLC] ',2000,500.00,25.00,'Paid'),('BOOK:42853','2017-04-30','2017-04-30','2017-04-30','Quincy','BOOK','BOOK','CONVENTUS','MRC risk platform & non-US FIX Equities drop copy fee [client CONVENTUS]',500,125.00,25.00,'Paid'),('BOOK:42853','2017-04-30','2017-04-30','2017-04-30','Quincy','BOOK','BOOK','CONVENTUS','MRC risk platform & US FIX Equities drop copy fee [client CONVENTUS]',500,125.00,25.00,'Paid'),('BTIG:42853','2017-04-30','2017-04-30','2017-04-30','Quincy','BTIG','BTIG','CONVENTUS','MRC risk platform & FIX Equities drop copy fee [client CONVENTUS]',300,75.00,25.00,'Paid'),('BTIG:42853','2017-04-30','2017-04-30','2017-04-30','Quincy','BTIG','BTIG','POTOMAC','MRC OMS & FIX Equitiies order routing fee [client POTOMAC]',500,125.00,25.00,'Paid'),('CHLM:42853','2017-04-30','2017-04-30','2017-04-30','Quincy','CHLM','CHLM','POTOMAC','MRC OMS & FIX Equities order routing fee [client POTOMAC]',500,125.00,25.00,'Paid'),('DINO:42885','2017-06-01','2017-04-30','2017-06-30','Quincy','DINO','DINO','DINO','Base OMS/EMS Fee',2500,625.00,25.00,'Paid'),('DINO:42885','2017-06-01','2017-04-30','2017-06-30','Quincy','DINO','DINO','DINO','Clearing firm integration Wedbush',500,125.00,25.00,'Paid'),('DINO:42885','2017-06-01','2017-04-30','2017-06-30','Quincy','DINO','DINO','DINO','MRC User: Ed Coyle',200,50.00,25.00,'Paid'),('DINO:42885','2017-06-01','2017-04-30','2017-06-30','Quincy','DINO','DINO','DINO','MRC User: John Kerrigan',200,50.00,25.00,'Paid'),('DINO:42885','2017-06-01','2017-04-30','2017-06-30','Quincy','DINO','DINO','DINO','OATS Reporting (MPID APBI)',200,50.00,25.00,'Paid'),('GS:42853','2017-04-30','2017-04-30','2017-04-30','Quincy','GSCO','GS','CONVENTUS','MRC risk platform & FIX Equities drop copy fee [client CONVENTUS]',500,125.00,25.00,'Paid'),('JEFF:42853','2017-04-30','2017-04-30','2017-04-30','Quincy','JEFF','JEFF','CONVENTUS','MRC FIX Two Way Connection Equities [Client Conventus] Jason Mallor',500,125.00,25.00,'Paid'),('JEFF:42853','2017-04-30','2017-04-30','2017-04-30','Quincy','JEFF','JEFF','CONVENTUS','MRC risk platform & FIX Equities drop copy fee BBG/REDI [client CONVENTUS]',300,75.00,25.00,'Paid'),('JEFF:42853','2017-04-30','2017-04-30','2017-04-30','Quincy','JEFF','JEFF','POTOMAC','MRC OMS & FIX Equities order routing fee [client POTOMAC]',500,125.00,25.00,'Paid'),('JEFF:42853','2017-04-30','2017-04-30','2017-04-30','Quincy','JEFF','JEFF','POTOMAC','MRC OMS & FIX Options order routing fee client POTOMAC',500,125.00,25.00,'Paid'),('JONE:42853','2017-04-30','2017-04-30','2017-04-30','Quincy','JONE','JONE','JONES','2 way fix connection: Hunter\'s Peak to Jones (Eze OMS)',150,37.50,25.00,'Paid'),('JONE:42853','2017-04-30','2017-04-30','2017-05-31','Quincy','JONE','JONE','JONES','Jones Icon Base Fee (Next month\'s service)',12000,3000.00,25.00,'Paid'),('JONE:42853','2017-04-30','2017-04-30','2017-04-30','Quincy','JONE','JONE','JONES','Kynikos FIX Order Routing Connection',150,37.50,25.00,'Paid'),('JONE:42853','2017-04-30','2017-04-30','2017-04-30','Quincy','JONE','JONE','JONES','MRC FIC Two Way FIX Connection Equities Client LANDSCAPE via Victor Securities',150,37.50,25.00,'Paid'),('JONE:42853','2017-04-30','2017-04-30','2017-04-30','Quincy','JONE','JONE','JONES','MRC Pleasant Lake Partners platform charge ',1300,325.00,25.00,'Paid'),('JONE:42853','2017-04-30','2017-04-30','2017-04-30','Quincy','JONE','JONE','JONES','Parametric FIX Order Routing',150,37.50,25.00,'Paid'),('JONE:42853','2017-04-30','2017-04-30','2017-04-30','Quincy','JONE','JONE','POTOMAC','MRC OMS & FIX Equities order routing fee [client POTOMAC]',500,125.00,25.00,'Paid'),('ML:42853','2017-04-30','2017-04-30','2017-04-30','Quincy','MLCO','ML','CONVENTUS','MRC risk platform & FIX Equities drop copy fee [client CONVENTUS]',300,75.00,25.00,'Paid'),('NITE:42853','2017-04-30','2017-04-30','2017-04-30','Quincy','NITE2','NITE','POTOMAC','MRC OMS & FIX Equities order routing fee [client POTOMAC]',500,125.00,25.00,'Paid'),('RAJA:42853','2017-04-30','2017-04-30','2017-04-30','Quincy','RAJA','RAJA','JONES','MRC OMS & FIX Equities order routing fee [client Jones Trading]',500,125.00,25.00,'Paid'),('RILY:42853','2017-04-30','2017-04-30','2017-04-30','Quincy','RILY','RILY','POTOMAC','MRC OMS & FIX Equitiies order routing fee [client POTOMAC]',250,62.50,25.00,'Paid'),('RILY:42853','2017-04-30','2017-04-30','2017-04-30','Quincy','RILY','RILY','RILY','MRC FIX Dialectic Order Routing',150,37.50,25.00,'Paid'),('RILY:42853','2017-04-30','2017-04-30','2017-04-30','Quincy','RILY','RILY','RILY','MRC FIX Doheny Order Routing',150,37.50,25.00,'Paid'),('RILY:42853','2017-04-30','2017-04-30','2017-04-30','Quincy','RILY','RILY','RILY','MRC FIX Granite Capital Order Routing',150,37.50,25.00,'Paid'),('RILY:42853','2017-04-30','2017-04-30','2017-04-30','Quincy','RILY','RILY','RILY','MRC FIX Manatuck Order Routing',150,37.50,25.00,'Paid'),('UBSW:42853','2017-04-30','2017-04-30','2017-04-30','Quincy','UBS2','UBSW','CONVENTUS','MRC risk platform & FIX Equities drop copy fee [client CONVENTUS]',300,75.00,25.00,'Paid'),('WCHV:42853','2017-04-30','2017-04-30','2017-04-30','Quincy','WCHV2','WCHV','CONVENTUS','MRC FIX Two Way Connection Equities [Client Conventus] Jason Mallor',500,125.00,25.00,'Paid'),('WEED:42853','2017-04-30','2017-04-30','2017-04-30','Quincy','WEED','WEED','LINCOLN','MRC FIX: Lincoln Capital',500,125.00,25.00,'Paid'),('BCMS:42885','2017-06-01','2017-05-31','2017-06-30','Quincy','BCMS','BCMS','CONVENTUS','Portfolio Management Base Fee Client [Conventus Capital LLC] ',2000,500.00,25.00,'Paid'),('BOOK:42884','2017-05-31','2017-05-31','2017-05-31','Quincy','BOOK','BOOK','CONVENTUS','MRC risk platform & non-US FIX Equities drop copy fee [client CONVENTUS]',500,125.00,25.00,'Paid'),('BOOK:42884','2017-05-31','2017-05-31','2017-05-31','Quincy','BOOK','BOOK','CONVENTUS','MRC risk platform & US FIX Equities drop copy fee [client CONVENTUS]',500,125.00,25.00,'Paid'),('BTIG:42884','2017-05-31','2017-05-31','2017-05-31','Quincy','BTIG','BTIG','CONVENTUS','MRC risk platform & FIX Equities drop copy fee [client CONVENTUS]',300,75.00,25.00,'Paid'),('BTIG:42884','2017-05-31','2017-05-31','2017-05-31','Quincy','BTIG','BTIG','POTOMAC','MRC OMS & FIX Equitiies order routing fee [client POTOMAC]',500,125.00,25.00,'Paid'),('CHLM:42884','2017-05-31','2017-05-31','2017-05-31','Quincy','CHLM','CHLM','POTOMAC','MRC OMS & FIX Equities order routing fee [client POTOMAC]',500,125.00,25.00,'Paid'),('DINO:42915','2017-07-01','2017-05-31','2017-07-31','Quincy','DINO','DINO','DINO','Base OMS/EMS Fee',2500,625.00,25.00,'Paid'),('DINO:42915','2017-07-01','2017-05-31','2017-07-31','Quincy','DINO','DINO','DINO','Clearing firm integration Wedbush',500,125.00,25.00,'Paid'),('DINO:42915','2017-07-01','2017-05-31','2017-07-31','Quincy','DINO','DINO','DINO','MRC User: Ed Coyle',200,50.00,25.00,'Paid'),('DINO:42915','2017-07-01','2017-05-31','2017-07-31','Quincy','DINO','DINO','DINO','MRC User: John Kerrigan',200,50.00,25.00,'Paid'),('DINO:42915','2017-07-01','2017-05-31','2017-07-31','Quincy','DINO','DINO','DINO','OATS Reporting (MPID APBI)',200,50.00,25.00,'Paid'),('GS:42884','2017-05-31','2017-05-31','2017-05-31','Quincy','GSCO','GS','CONVENTUS','MRC risk platform & FIX Equities drop copy fee [client CONVENTUS]',500,125.00,25.00,'Paid'),('JEFF:42884','2017-05-31','2017-05-31','2017-05-31','Quincy','JEFF','JEFF','CONVENTUS','MRC FIX Two Way Connection Equities [Client Conventus] Jason Mallor',500,125.00,25.00,'Paid'),('JEFF:42884','2017-05-31','2017-05-31','2017-05-31','Quincy','JEFF','JEFF','CONVENTUS','MRC risk platform & FIX Equities drop copy fee BBG/REDI [client CONVENTUS]',300,75.00,25.00,'Paid'),('JEFF:42884','2017-05-31','2017-05-31','2017-05-31','Quincy','JEFF','JEFF','POTOMAC','MRC OMS & FIX Equities order routing fee [client POTOMAC]',500,125.00,25.00,'Paid'),('JEFF:42884','2017-05-31','2017-05-31','2017-05-31','Quincy','JEFF','JEFF','POTOMAC','MRC OMS & FIX Options order routing fee client POTOMAC',500,125.00,25.00,'Paid'),('JONE:42884','2017-05-31','2017-05-31','2017-05-31','Quincy','JONE','JONE','JONES','2 way fix connection: Hunter\'s Peak to Jones (Eze OMS)',150,37.50,25.00,'Paid'),('JONE:42884','2017-05-31','2017-05-31','2017-06-30','Quincy','JONE','JONE','JONES','Jones Icon Base Fee (Next month\'s service)',12000,3000.00,25.00,'Paid'),('JONE:42884','2017-05-31','2017-05-31','2017-05-31','Quincy','JONE','JONE','JONES','Kynikos FIX Order Routing Connection',150,37.50,25.00,'Paid'),('JONE:42884','2017-05-31','2017-05-31','2017-05-31','Quincy','JONE','JONE','JONES','MRC FIC Two Way FIX Connection Equities Client LANDSCAPE via Victor Securities',150,37.50,25.00,'Paid'),('JONE:42884','2017-05-31','2017-05-31','2017-05-31','Quincy','JONE','JONE','JONES','MRC Pleasant Lake Partners platform charge ',1300,325.00,25.00,'Paid'),('JONE:42884','2017-05-31','2017-05-31','2017-05-31','Quincy','JONE','JONE','JONES','Parametric FIX Order Routing',150,37.50,25.00,'Paid'),('JONE:42884','2017-05-31','2017-05-31','2017-05-31','Quincy','JONE','JONE','POTOMAC','MRC OMS & FIX Equities order routing fee [client POTOMAC]',500,125.00,25.00,'Paid'),('ML:42884','2017-05-31','2017-05-31','2017-05-31','Quincy','MLCO','ML','CONVENTUS','MRC risk platform & FIX Equities drop copy fee [client CONVENTUS]',300,75.00,25.00,'Paid'),('NITE:42884','2017-05-31','2017-05-31','2017-05-31','Quincy','NITE2','NITE','POTOMAC','MRC OMS & FIX Equities order routing fee [client POTOMAC]',500,125.00,25.00,'Paid'),('RAJA:42884','2017-05-31','2017-05-31','2017-05-31','Quincy','RAJA','RAJA','JONES','MRC OMS & FIX Equities order routing fee [client Jones Trading]',500,125.00,25.00,'Paid'),('RILY:42884','2017-05-31','2017-05-31','2017-05-31','Quincy','RILY','RILY','POTOMAC','MRC OMS & FIX Equitiies order routing fee [client POTOMAC]',250,62.50,25.00,'Paid'),('RILY:42884','2017-05-31','2017-05-31','2017-05-31','Quincy','RILY','RILY','RILY','MRC FIX Dialectic Order Routing',150,37.50,25.00,'Paid'),('RILY:42884','2017-05-31','2017-05-31','2017-05-31','Quincy','RILY','RILY','RILY','MRC FIX Doheny Order Routing',150,37.50,25.00,'Paid'),('RILY:42884','2017-05-31','2017-05-31','2017-05-31','Quincy','RILY','RILY','RILY','MRC FIX Granite Capital Order Routing',150,37.50,25.00,'Paid'),('RILY:42884','2017-05-31','2017-05-31','2017-05-31','Quincy','RILY','RILY','RILY','MRC FIX Manatuck Order Routing',150,37.50,25.00,'Paid'),('UBSW:42884','2017-05-31','2017-05-31','2017-05-31','Quincy','UBS2','UBSW','CONVENTUS','MRC risk platform & FIX Equities drop copy fee [client CONVENTUS]',300,75.00,25.00,'Paid'),('WCHV:42884','2017-05-31','2017-05-31','2017-05-31','Quincy','WCHV2','WCHV','CONVENTUS','MRC FIX Two Way Connection Equities [Client Conventus] Jason Mallor',500,125.00,25.00,'Paid'),('WEED:42884','2017-05-31','2017-05-31','2017-05-31','Quincy','WEED','WEED','LINCOLN','MRC FIX: Lincoln Capital',500,125.00,25.00,'Paid'),('BCMS:42915','2017-07-01','2017-06-30','2017-07-31','Quincy','BCMS','BCMS','CONVENTUS','Portfolio Management Base Fee Client [Conventus Capital LLC] ',2000,500.00,25.00,'Unpaid'),('BOOK:42914','2017-06-30','2017-06-30','2017-06-30','Quincy','BOOK','BOOK','CONVENTUS','MRC risk platform & non-US FIX Equities drop copy fee [client CONVENTUS]',500,125.00,25.00,'Unpaid'),('BOOK:42914','2017-06-30','2017-06-30','2017-06-30','Quincy','BOOK','BOOK','CONVENTUS','MRC risk platform & US FIX Equities drop copy fee [client CONVENTUS]',500,125.00,25.00,'Unpaid'),('BTIG:42914','2017-06-30','2017-06-30','2017-06-30','Quincy','BTIG','BTIG','POTOMAC','MRC OMS & FIX Equitiies order routing fee [client POTOMAC]',500,125.00,25.00,'Paid'),('CHLM:42914','2017-06-30','2017-06-30','2017-06-30','Quincy','CHLM','CHLM','POTOMAC','MRC OMS & FIX Equities order routing fee [client POTOMAC]',500,125.00,25.00,'Paid'),('DINO:42946','2017-08-01','2017-06-30','2017-08-31','Quincy','DINO','DINO','DINO','Base OMS/EMS Fee',2500,625.00,25.00,'Paid'),('DINO:42946','2017-08-01','2017-06-30','2017-08-31','Quincy','DINO','DINO','DINO','Clearing firm integration Wedbush',500,125.00,25.00,'Paid'),('DINO:42946','2017-08-01','2017-06-30','2017-08-31','Quincy','DINO','DINO','DINO','MRC User: Ed Coyle',200,50.00,25.00,'Paid'),('DINO:42946','2017-08-01','2017-06-30','2017-08-31','Quincy','DINO','DINO','DINO','MRC User: John Kerrigan',200,50.00,25.00,'Paid'),('DINO:42946','2017-08-01','2017-06-30','2017-08-31','Quincy','DINO','DINO','DINO','OATS Reporting (MPID APBI)',200,50.00,25.00,'Paid'),('GS:42914','2017-06-30','2017-06-30','2017-06-30','Quincy','GSCO','GS','CONVENTUS','MRC risk platform & FIX Equities drop copy fee [client CONVENTUS]',500,125.00,25.00,'Paid'),('JEFF:42914','2017-06-30','2017-06-30','2017-06-30','Quincy','JEFF','JEFF','CONVENTUS','MRC FIX Two Way Connection Equities [Client Conventus] Jason Mallor',500,125.00,25.00,'Paid'),('JEFF:42914','2017-06-30','2017-06-30','2017-06-30','Quincy','JEFF','JEFF','CONVENTUS','MRC risk platform & FIX Equities drop copy fee BBG/REDI [client CONVENTUS]',300,75.00,25.00,'Paid'),('JEFF:42914','2017-06-30','2017-06-30','2017-06-30','Quincy','JEFF','JEFF','POTOMAC','MRC OMS & FIX Equities order routing fee [client POTOMAC]',500,125.00,25.00,'Paid'),('JEFF:42914','2017-06-30','2017-06-30','2017-06-30','Quincy','JEFF','JEFF','POTOMAC','MRC OMS & FIX Options order routing fee client POTOMAC',500,125.00,25.00,'Paid'),('JONE:42914','2017-06-30','2017-06-30','2017-06-30','Quincy','JONE','JONE','JONES','2 way fix connection: Hunter\'s Peak to Jones (Eze OMS)',150,37.50,25.00,'Paid'),('JONE:42914','2017-06-30','2017-06-30','2017-07-31','Quincy','JONE','JONE','JONES','Jones Icon Base Fee (Next month\'s service)',12000,3000.00,25.00,'Paid'),('JONE:42914','2017-06-30','2017-06-30','2017-06-30','Quincy','JONE','JONE','JONES','Kynikos FIX Order Routing Connection',150,37.50,25.00,'Paid'),('JONE:42914','2017-06-30','2017-06-30','2017-06-30','Quincy','JONE','JONE','JONES','MRC FIC Two Way FIX Connection Equities Client LANDSCAPE via Victor Securities',150,37.50,25.00,'Paid'),('JONE:42914','2017-06-30','2017-06-30','2017-06-30','Quincy','JONE','JONE','JONES','MRC Pleasant Lake Partners platform charge ',1300,325.00,25.00,'Paid'),('JONE:42914','2017-06-30','2017-06-30','2017-06-30','Quincy','JONE','JONE','JONES','Parametric FIX Order Routing',150,37.50,25.00,'Paid'),('JONE:42914','2017-06-30','2017-06-30','2017-06-30','Quincy','JONE','JONE','POTOMAC','MRC OMS & FIX Equities order routing fee [client POTOMAC]',500,125.00,25.00,'Paid'),('ML:42914','2017-06-30','2017-06-30','2017-06-30','Quincy','MLCO','ML','CONVENTUS','MRC risk platform & FIX Equities drop copy fee [client CONVENTUS]',300,75.00,25.00,'Paid'),('NITE:42914','2017-06-30','2017-06-30','2017-06-30','Quincy','NITE2','NITE','POTOMAC','MRC OMS & FIX Equities order routing fee [client POTOMAC]',500,125.00,25.00,'Paid'),('RILY:42914','2017-06-30','2017-06-30','2017-06-30','Quincy','RILY','RILY','POTOMAC','MRC OMS & FIX Equitiies order routing fee [client POTOMAC]',250,62.50,25.00,'Unpaid'),('RILY:42914','2017-06-30','2017-06-30','2017-06-30','Quincy','RILY','RILY','RILY','MRC FIX Doheny Order Routing',150,37.50,25.00,'Unpaid'),('RILY:42914','2017-06-30','2017-06-30','2017-06-30','Quincy','RILY','RILY','RILY','MRC FIX Granite Capital Order Routing',150,37.50,25.00,'Unpaid'),('RILY:42914','2017-06-30','2017-06-30','2017-06-30','Quincy','RILY','RILY','RILY','MRC FIX Manatuck Order Routing',150,37.50,25.00,'Unpaid'),('UBSW:42914','2017-06-30','2017-06-30','2017-06-30','Quincy','UBS2','UBSW','CONVENTUS','MRC risk platform & FIX Equities drop copy fee [client CONVENTUS]',300,75.00,25.00,'Paid'),('WCHV:42914','2017-06-30','2017-06-30','2017-06-30','Quincy','WCHV2','WCHV','CONVENTUS','MRC FIX Two Way Connection Equities [Client Conventus] Jason Mallor',500,125.00,25.00,'Paid'),('WEED:42914','2017-06-30','2017-06-30','2017-06-30','Quincy','WEED','WEED','LINCOLN','MRC FIX: Lincoln Capital',500,125.00,25.00,'Paid'),('BCMS:42946','2017-08-01','2017-07-31','2017-08-31','Quincy','BCMS','BCMS','CONVENTUS','Portfolio Management Base Fee Client [Conventus Capital LLC] ',2000,500.00,25.00,'Paid'),('BOOK:42945','2017-07-31','2017-07-31','2017-07-31','Quincy','BOOK','BOOK','CONVENTUS','MRC risk platform & non-US FIX Equities drop copy fee [client CONVENTUS]',500,125.00,25.00,'Paid'),('BOOK:42945','2017-07-31','2017-07-31','2017-07-31','Quincy','BOOK','BOOK','CONVENTUS','MRC risk platform & US FIX Equities drop copy fee [client CONVENTUS]',500,125.00,25.00,'Paid'),('BTIG:42945','2017-07-31','2017-07-31','2017-07-31','Quincy','BTIG','BTIG','POTOMAC','MRC OMS & FIX Equitiies order routing fee [client POTOMAC]',500,125.00,25.00,'Paid'),('CHLM:42945','2017-07-31','2017-07-31','2017-07-31','Quincy','CHLM','CHLM','POTOMAC','MRC OMS & FIX Equities order routing fee [client POTOMAC]',500,125.00,25.00,'Paid'),('DINO:42977','2017-09-01','2017-07-31','2017-09-30','Quincy','DINO','DINO','DINO','Base OMS/EMS Fee',2500,625.00,25.00,'Paid'),('DINO:42977','2017-09-01','2017-07-31','2017-09-30','Quincy','DINO','DINO','DINO','Clearing firm integration Wedbush',500,125.00,25.00,'Paid'),('DINO:42977','2017-09-01','2017-07-31','2017-09-30','Quincy','DINO','DINO','DINO','MRC User: Ed Coyle',200,50.00,25.00,'Paid'),('DINO:42977','2017-09-01','2017-07-31','2017-09-30','Quincy','DINO','DINO','DINO','MRC User: John Kerrigan',200,50.00,25.00,'Paid'),('DINO:42977','2017-09-01','2017-07-31','2017-09-30','Quincy','DINO','DINO','DINO','OATS Reporting (MPID APBI)',200,50.00,25.00,'Paid'),('GS:42945','2017-07-31','2017-07-31','2017-07-31','Quincy','GSCO','GS','CONVENTUS','MRC risk platform & FIX Equities drop copy fee [client CONVENTUS]',500,125.00,25.00,'Paid'),('JEFF:42945','2017-07-31','2017-07-31','2017-07-31','Quincy','JEFF','JEFF','CONVENTUS','MRC FIX Two Way Connection Equities [Client Conventus] Jason Mallor',500,125.00,25.00,'Paid'),('JEFF:42945','2017-07-31','2017-07-31','2017-07-31','Quincy','JEFF','JEFF','CONVENTUS','MRC risk platform & FIX Equities drop copy fee BBG/REDI [client CONVENTUS]',300,75.00,25.00,'Paid'),('JEFF:42945','2017-07-31','2017-07-31','2017-07-31','Quincy','JEFF','JEFF','POTOMAC','MRC OMS & FIX Equities order routing fee [client POTOMAC]',500,125.00,25.00,'Paid'),('JEFF:42945','2017-07-31','2017-07-31','2017-07-31','Quincy','JEFF','JEFF','POTOMAC','MRC OMS & FIX Options order routing fee client POTOMAC',500,125.00,25.00,'Paid'),('JONE:42945','2017-07-31','2017-07-31','2017-07-31','Quincy','JONE','JONE','JONES','2 way fix connection: Hunter\'s Peak to Jones (Eze OMS)',150,37.50,25.00,'Paid'),('JONE:42945','2017-07-31','2017-07-31','2017-08-31','Quincy','JONE','JONE','JONES','Jones Icon Base Fee (Next month\'s service)',12000,3000.00,25.00,'Paid'),('JONE:42945','2017-07-31','2017-07-31','2017-07-31','Quincy','JONE','JONE','JONES','Kynikos FIX Order Routing Connection',150,37.50,25.00,'Paid'),('JONE:42945','2017-07-31','2017-07-31','2017-07-31','Quincy','JONE','JONE','JONES','MRC FIC Two Way FIX Connection Equities Client LANDSCAPE via Victor Securities',150,37.50,25.00,'Paid'),('JONE:42945','2017-07-31','2017-07-31','2017-07-31','Quincy','JONE','JONE','JONES','MRC Pleasant Lake Partners platform charge ',1300,325.00,25.00,'Paid'),('JONE:42945','2017-07-31','2017-07-31','2017-07-31','Quincy','JONE','JONE','JONES','Parametric FIX Order Routing',150,37.50,25.00,'Paid'),('JONE:42945','2017-07-31','2017-07-31','2017-07-31','Quincy','JONE','JONE','POTOMAC','MRC OMS & FIX Equities order routing fee [client POTOMAC]',500,125.00,25.00,'Paid'),('ML:42945','2017-07-31','2017-07-31','2017-07-31','Quincy','MLCO','ML','CONVENTUS','MRC risk platform & FIX Equities drop copy fee [client CONVENTUS]',300,75.00,25.00,'Paid'),('NITE:42945','2017-07-31','2017-07-31','2017-07-31','Quincy','NITE2','NITE','POTOMAC','MRC OMS & FIX Equities order routing fee [client POTOMAC]',500,125.00,25.00,'Paid'),('RILY:42945','2017-07-31','2017-07-31','2017-07-31','Quincy','RILY','RILY','POTOMAC','MRC OMS & FIX Equitiies order routing fee [client POTOMAC]',250,62.50,25.00,'Paid'),('RILY:42945','2017-07-31','2017-07-31','2017-07-31','Quincy','RILY','RILY','RILY','MRC FIX Doheny Order Routing',150,37.50,25.00,'Paid'),('RILY:42945','2017-07-31','2017-07-31','2017-07-31','Quincy','RILY','RILY','RILY','MRC FIX Granite Capital Order Routing',150,37.50,25.00,'Paid'),('RILY:42945','2017-07-31','2017-07-31','2017-07-31','Quincy','RILY','RILY','RILY','MRC FIX Manatuck Order Routing',150,37.50,25.00,'Paid'),('UBSW:42945','2017-07-31','2017-07-31','2017-07-31','Quincy','UBS2','UBSW','CONVENTUS','MRC risk platform & FIX Equities drop copy fee [client CONVENTUS]',300,75.00,25.00,'Paid'),('WCHV:42945','2017-07-31','2017-07-31','2017-07-31','Quincy','WCHV2','WCHV','CONVENTUS','MRC FIX Two Way Connection Equities [Client Conventus] Jason Mallor',500,125.00,25.00,'Paid'),('WEED:42945','2017-07-31','2017-07-31','2017-07-31','Quincy','WEED','WEED','LINCOLN','MRC FIX: Lincoln Capital',500,125.00,25.00,'Paid'),('BCMS:42977','2017-09-01','2017-08-31','2017-09-30','Quincy','BCMS','BCMS','CONVENTUS','Portfolio Management Base Fee Client [Conventus Capital LLC] ',2000,500.00,25.00,'Paid'),('BOOK:42976','2017-08-31','2017-08-31','2017-08-31','Quincy','BOOK','BOOK','CONVENTUS','MRC risk platform & non-US FIX Equities drop copy fee [client CONVENTUS]',500,125.00,25.00,'Paid'),('BOOK:42976','2017-08-31','2017-08-31','2017-08-31','Quincy','BOOK','BOOK','CONVENTUS','MRC risk platform & US FIX Equities drop copy fee [client CONVENTUS]',500,125.00,25.00,'Paid'),('BTIG:42976','2017-08-31','2017-08-31','2017-08-31','Quincy','BTIG','BTIG','POTOMAC','MRC OMS & FIX Equitiies order routing fee [client POTOMAC]',500,125.00,25.00,'Paid'),('CHLM:42976','2017-08-31','2017-08-31','2017-08-31','Quincy','CHLM','CHLM','POTOMAC','MRC OMS & FIX Equities order routing fee [client POTOMAC]',500,125.00,25.00,'Paid'),('DINO:43007','2017-10-01','2017-08-31','2017-10-31','Quincy','DINO','DINO','DINO','Base OMS/EMS Fee',2500,625.00,25.00,'Paid'),('DINO:43007','2017-10-01','2017-08-31','2017-10-31','Quincy','DINO','DINO','DINO','Clearing firm integration Wedbush',500,125.00,25.00,'Paid'),('DINO:43007','2017-10-01','2017-08-31','2017-10-31','Quincy','DINO','DINO','DINO','MRC User: Ed Coyle',200,50.00,25.00,'Paid'),('DINO:43007','2017-10-01','2017-08-31','2017-10-31','Quincy','DINO','DINO','DINO','MRC User: John Kerrigan',200,50.00,25.00,'Paid'),('DINO:43007','2017-10-01','2017-08-31','2017-10-31','Quincy','DINO','DINO','DINO','OATS Reporting (MPID APBI)',200,50.00,25.00,'Paid'),('GS:42976','2017-08-31','2017-08-31','2017-08-31','Quincy','GSCO','GS','CONVENTUS','MRC risk platform & FIX Equities drop copy fee [client CONVENTUS]',500,125.00,25.00,'Paid'),('JEFF:42976','2017-08-31','2017-08-31','2017-08-31','Quincy','JEFF','JEFF','CONVENTUS','MRC FIX Two Way Connection Equities [Client Conventus] Jason Mallor',500,125.00,25.00,'Paid'),('JEFF:42976','2017-08-31','2017-08-31','2017-08-31','Quincy','JEFF','JEFF','CONVENTUS','MRC risk platform & FIX Equities drop copy fee BBG/REDI [client CONVENTUS]',300,75.00,25.00,'Paid'),('JEFF:42976','2017-08-31','2017-08-31','2017-08-31','Quincy','JEFF','JEFF','POTOMAC','MRC OMS & FIX Equities order routing fee [client POTOMAC]',500,125.00,25.00,'Paid'),('JEFF:42976','2017-08-31','2017-08-31','2017-08-31','Quincy','JEFF','JEFF','POTOMAC','MRC OMS & FIX Options order routing fee client POTOMAC',500,125.00,25.00,'Paid'),('JONE:42976','2017-08-31','2017-08-31','2017-08-31','Quincy','JONE','JONE','JONES','2 way fix connection: Hunter\'s Peak to Jones (Eze OMS)',150,37.50,25.00,'Paid'),('JONE:42976','2017-08-31','2017-08-31','2017-09-30','Quincy','JONE','JONE','JONES','Jones Icon Base Fee (Next month\'s service)',12000,3000.00,25.00,'Paid'),('JONE:42976','2017-08-31','2017-08-31','2017-08-31','Quincy','JONE','JONE','JONES','Kynikos FIX Order Routing Connection',150,37.50,25.00,'Paid'),('JONE:42976','2017-08-31','2017-08-31','2017-08-31','Quincy','JONE','JONE','JONES','MRC FIC Two Way FIX Connection Equities Client LANDSCAPE via Victor Securities',150,37.50,25.00,'Paid'),('JONE:42976','2017-08-31','2017-08-31','2017-08-31','Quincy','JONE','JONE','JONES','MRC Pleasant Lake Partners platform charge ',1300,325.00,25.00,'Paid'),('JONE:42976','2017-08-31','2017-08-31','2017-08-31','Quincy','JONE','JONE','JONES','Parametric FIX Order Routing',150,37.50,25.00,'Paid'),('JONE:42976','2017-08-31','2017-08-31','2017-08-31','Quincy','JONE','JONE','POTOMAC','MRC OMS & FIX Equities order routing fee [client POTOMAC]',500,125.00,25.00,'Paid'),('ML:42976','2017-08-31','2017-08-31','2017-08-31','Quincy','MLCO','ML','CONVENTUS','MRC risk platform & FIX Equities drop copy fee [client CONVENTUS]',300,75.00,25.00,'Paid'),('NITE:42976','2017-08-31','2017-08-31','2017-08-31','Quincy','NITE2','NITE','POTOMAC','MRC OMS & FIX Equities order routing fee [client POTOMAC]',500,125.00,25.00,'Paid'),('RILY:42976','2017-08-31','2017-08-31','2017-08-31','Quincy','RILY','RILY','POTOMAC','MRC OMS & FIX Equitiies order routing fee [client POTOMAC]',250,62.50,25.00,'Paid'),('RILY:42976','2017-08-31','2017-08-31','2017-08-31','Quincy','RILY','RILY','RILY','MRC FIX Dialectic Order Routing',150,37.50,25.00,'Paid'),('RILY:42976','2017-08-31','2017-08-31','2017-08-31','Quincy','RILY','RILY','RILY','MRC FIX Doheny Order Routing',150,37.50,25.00,'Paid'),('RILY:42976','2017-08-31','2017-08-31','2017-08-31','Quincy','RILY','RILY','RILY','MRC FIX Granite Capital Order Routing',150,37.50,25.00,'Paid'),('RILY:42976','2017-08-31','2017-08-31','2017-08-31','Quincy','RILY','RILY','RILY','MRC FIX Manatuck Order Routing',150,37.50,25.00,'Paid'),('UBSW:42976','2017-08-31','2017-08-31','2017-08-31','Quincy','UBS2','UBSW','CONVENTUS','MRC risk platform & FIX Equities drop copy fee [client CONVENTUS]',300,75.00,25.00,'Paid'),('WCHV:42976','2017-08-31','2017-08-31','2017-08-31','Quincy','WCHV2','WCHV','CONVENTUS','MRC FIX Two Way Connection Equities [Client Conventus] Jason Mallor',500,125.00,25.00,'Paid'),('WEED:42976','2017-08-31','2017-08-31','2017-08-31','Quincy','WEED','WEED','LINCOLN','MRC FIX: Lincoln Capital',500,125.00,25.00,'Paid'),('BCMS:43007','2017-10-01','2017-09-30','2017-10-31','Quincy','BCMS','BCMS','CONVENTUS','Portfolio Management Base Fee Client [Conventus Capital LLC] ',2000,500.00,25.00,'Paid'),('BOOK:43006','2017-09-30','2017-09-30','2017-09-30','Quincy','BOOK','BOOK','CONVENTUS','MRC risk platform & non-US FIX Equities drop copy fee [client CONVENTUS]',500,125.00,25.00,'Paid'),('BOOK:43006','2017-09-30','2017-09-30','2017-09-30','Quincy','BOOK','BOOK','CONVENTUS','MRC risk platform & US FIX Equities drop copy fee [client CONVENTUS]',500,125.00,25.00,'Paid'),('BTIG:43006','2017-09-30','2017-09-30','2017-09-30','Quincy','BTIG','BTIG','POTOMAC','MRC OMS & FIX Equitiies order routing fee [client POTOMAC]',500,125.00,25.00,'Paid'),('CHLM:43006','2017-09-30','2017-09-30','2017-09-30','Quincy','CHLM','CHLM','POTOMAC','MRC OMS & FIX Equities order routing fee [client POTOMAC]',500,125.00,25.00,'Paid'),('DINO:43038','2017-11-01','2017-09-30','2017-11-30','Quincy','DINO','DINO','DINO','Base OMS/EMS Fee',2500,625.00,25.00,'Paid'),('DINO:43038','2017-11-01','2017-09-30','2017-11-30','Quincy','DINO','DINO','DINO','Clearing firm integration Wedbush',500,125.00,25.00,'Paid'),('DINO:43038','2017-11-01','2017-09-30','2017-11-30','Quincy','DINO','DINO','DINO','MRC User: Ed Coyle',200,50.00,25.00,'Paid'),('DINO:43038','2017-11-01','2017-09-30','2017-11-30','Quincy','DINO','DINO','DINO','MRC User: John Kerrigan',200,50.00,25.00,'Paid'),('DINO:43038','2017-11-01','2017-09-30','2017-11-30','Quincy','DINO','DINO','DINO','OATS Reporting (MPID APBI)',200,50.00,25.00,'Paid'),('GS:43006','2017-09-30','2017-09-30','2017-09-30','Quincy','GSCO','GS','CONVENTUS','MRC risk platform & FIX Equities drop copy fee [client CONVENTUS]',500,125.00,25.00,'Paid'),('JEFF:43006','2017-09-30','2017-09-30','2017-09-30','Quincy','JEFF','JEFF','CONVENTUS','MRC FIX Two Way Connection Equities [Client Conventus] Jason Mallor',500,125.00,25.00,'Paid'),('JEFF:43006','2017-09-30','2017-09-30','2017-09-30','Quincy','JEFF','JEFF','CONVENTUS','MRC risk platform & FIX Equities drop copy fee BBG/REDI [client CONVENTUS]',300,75.00,25.00,'Paid'),('JEFF:43006','2017-09-30','2017-09-30','2017-09-30','Quincy','JEFF','JEFF','POTOMAC','MRC OMS & FIX Equities order routing fee [client POTOMAC]',500,125.00,25.00,'Paid'),('JEFF:43006','2017-09-30','2017-09-30','2017-09-30','Quincy','JEFF','JEFF','POTOMAC','MRC OMS & FIX Options order routing fee client POTOMAC',500,125.00,25.00,'Paid'),('JONE:43006','2017-09-30','2017-09-30','2017-09-30','Quincy','JONE','JONE','JONES','2 way fix connection: Hunter\'s Peak to Jones (Eze OMS)',150,37.50,25.00,'Paid'),('JONE:43006','2017-09-30','2017-09-30','2017-10-31','Quincy','JONE','JONE','JONES','Jones Icon Base Fee (Next month\'s service)',12000,3000.00,25.00,'Paid'),('JONE:43006','2017-09-30','2017-09-30','2017-09-30','Quincy','JONE','JONE','JONES','Kynikos FIX Order Routing Connection',150,37.50,25.00,'Paid'),('JONE:43006','2017-09-30','2017-09-30','2017-09-30','Quincy','JONE','JONE','JONES','MRC FIC Two Way FIX Connection Equities Client LANDSCAPE via Victor Securities',150,37.50,25.00,'Paid'),('JONE:43006','2017-09-30','2017-09-30','2017-09-30','Quincy','JONE','JONE','JONES','MRC Pleasant Lake Partners platform charge ',1300,325.00,25.00,'Paid'),('JONE:43006','2017-09-30','2017-09-30','2017-09-30','Quincy','JONE','JONE','JONES','Parametric FIX Order Routing',150,37.50,25.00,'Paid'),('JONE:43006','2017-09-30','2017-09-30','2017-09-30','Quincy','JONE','JONE','POTOMAC','MRC OMS & FIX Equities order routing fee [client POTOMAC]',500,125.00,25.00,'Paid'),('ML:43006','2017-09-30','2017-09-30','2017-09-30','Quincy','MLCO','ML','CONVENTUS','MRC risk platform & FIX Equities drop copy fee [client CONVENTUS]',300,75.00,25.00,'Paid'),('NITE:43006','2017-09-30','2017-09-30','2017-09-30','Quincy','NITE2','NITE','POTOMAC','MRC OMS & FIX Equities order routing fee [client POTOMAC]',500,125.00,25.00,'Paid'),('RILY:43006','2017-09-30','2017-09-30','2017-09-30','Quincy','RILY','RILY','POTOMAC','MRC OMS & FIX Equitiies order routing fee [client POTOMAC]',250,62.50,25.00,'Paid'),('RILY:43006','2017-09-30','2017-09-30','2017-09-30','Quincy','RILY','RILY','RILY','MRC FIX Dialectic Order Routing',150,37.50,25.00,'Paid'),('RILY:43006','2017-09-30','2017-09-30','2017-09-30','Quincy','RILY','RILY','RILY','MRC FIX Doheny Order Routing',150,37.50,25.00,'Paid'),('RILY:43006','2017-09-30','2017-09-30','2017-09-30','Quincy','RILY','RILY','RILY','MRC FIX Granite Capital Order Routing',150,37.50,25.00,'Paid'),('RILY:43006','2017-09-30','2017-09-30','2017-09-30','Quincy','RILY','RILY','RILY','MRC FIX Manatuck Order Routing',150,37.50,25.00,'Paid'),('UBSW:43006','2017-09-30','2017-09-30','2017-09-30','Quincy','UBS2','UBSW','CONVENTUS','MRC risk platform & FIX Equities drop copy fee [client CONVENTUS]',300,75.00,25.00,'Paid'),('WCHV:43006','2017-09-30','2017-09-30','2017-09-30','Quincy','WCHV2','WCHV','CONVENTUS','MRC FIX Two Way Connection Equities [Client Conventus] Jason Mallor',500,125.00,25.00,'Paid'),('WEED:43006','2017-09-30','2017-09-30','2017-09-30','Quincy','WEED','WEED','LINCOLN','MRC FIX: Lincoln Capital',500,125.00,25.00,'Paid'),('BCMS:43038','2017-11-01','2017-10-31','2017-11-30','Quincy','BCMS','BCMS','CONVENTUS','Portfolio Management Base Fee Client [Conventus Capital LLC] ',2000,500.00,25.00,'Paid'),('BOOK:43037','2017-10-31','2017-10-31','2017-10-31','Quincy','BOOK','BOOK','CONVENTUS','MRC risk platform & non-US FIX Equities drop copy fee [client CONVENTUS]',500,125.00,25.00,'Paid'),('BOOK:43037','2017-10-31','2017-10-31','2017-10-31','Quincy','BOOK','BOOK','CONVENTUS','MRC risk platform & US FIX Equities drop copy fee [client CONVENTUS]',500,125.00,25.00,'Paid'),('BTIG:43037','2017-10-31','2017-10-31','2017-10-31','Quincy','BTIG','BTIG','POTOMAC','MRC OMS & FIX Equitiies order routing fee [client POTOMAC]',500,125.00,25.00,'Paid'),('CHLM:43037','2017-10-31','2017-10-31','2017-10-31','Quincy','CHLM','CHLM','POTOMAC','MRC OMS & FIX Equities order routing fee [client POTOMAC]',500,125.00,25.00,'Paid'),('DINO:43068','2017-12-01','2017-10-31','2017-12-31','Quincy','DINO','DINO','DINO','Base OMS/EMS Fee',2500,625.00,25.00,'Paid'),('DINO:43068','2017-12-01','2017-10-31','2017-12-31','Quincy','DINO','DINO','DINO','Clearing firm integration Wedbush',500,125.00,25.00,'Paid'),('DINO:43068','2017-12-01','2017-10-31','2017-12-31','Quincy','DINO','DINO','DINO','MRC User: Ed Coyle',200,50.00,25.00,'Paid'),('DINO:43068','2017-12-01','2017-10-31','2017-12-31','Quincy','DINO','DINO','DINO','MRC User: John Kerrigan',200,50.00,25.00,'Paid'),('DINO:43068','2017-12-01','2017-10-31','2017-12-31','Quincy','DINO','DINO','DINO','OATS Reporting (MPID APBI)',200,50.00,25.00,'Paid'),('GS:43037','2017-10-31','2017-10-31','2017-10-31','Quincy','GSCO','GS','CONVENTUS','MRC risk platform & FIX Equities drop copy fee [client CONVENTUS]',500,125.00,25.00,'Paid'),('JEFF:43037','2017-10-31','2017-10-31','2017-10-31','Quincy','JEFF','JEFF','CONVENTUS','MRC FIX Two Way Connection Equities [Client Conventus] Jason Mallor',500,125.00,25.00,'Paid'),('JEFF:43037','2017-10-31','2017-10-31','2017-10-31','Quincy','JEFF','JEFF','CONVENTUS','MRC risk platform & FIX Equities drop copy fee BBG/REDI [client CONVENTUS]',300,75.00,25.00,'Paid'),('JEFF:43037','2017-10-31','2017-10-31','2017-10-31','Quincy','JEFF','JEFF','POTOMAC','MRC OMS & FIX Equities order routing fee [client POTOMAC]',500,125.00,25.00,'Paid'),('JEFF:43037','2017-10-31','2017-10-31','2017-10-31','Quincy','JEFF','JEFF','POTOMAC','MRC OMS & FIX Options order routing fee client POTOMAC',500,125.00,25.00,'Paid'),('JONE:43037','2017-10-31','2017-10-31','2017-10-31','Quincy','JONE','JONE','JONES','2 way fix connection: Hunter\'s Peak to Jones (Eze OMS)',150,37.50,25.00,'Paid'),('JONE:43037','2017-10-31','2017-10-31','2017-11-30','Quincy','JONE','JONE','JONES','Jones Icon Base Fee (Next month\'s service)',12000,3000.00,25.00,'Paid'),('JONE:43037','2017-10-31','2017-10-31','2017-10-31','Quincy','JONE','JONE','JONES','Kynikos FIX Order Routing Connection',150,37.50,25.00,'Paid'),('JONE:43037','2017-10-31','2017-10-31','2017-10-31','Quincy','JONE','JONE','JONES','MRC FIC Two Way FIX Connection Equities Client LANDSCAPE via Victor Securities',150,37.50,25.00,'Paid'),('JONE:43037','2017-10-31','2017-10-31','2017-10-31','Quincy','JONE','JONE','JONES','MRC Pleasant Lake Partners platform charge ',1300,325.00,25.00,'Paid'),('JONE:43037','2017-10-31','2017-10-31','2017-10-31','Quincy','JONE','JONE','JONES','Parametric FIX Order Routing',150,37.50,25.00,'Paid'),('JONE:43037','2017-10-31','2017-10-31','2017-10-31','Quincy','JONE','JONE','POTOMAC','MRC OMS & FIX Equities order routing fee [client POTOMAC]',500,125.00,25.00,'Paid'),('ML:43037','2017-10-31','2017-10-31','2017-10-31','Quincy','MLCO','ML','CONVENTUS','MRC risk platform & FIX Equities drop copy fee [client CONVENTUS]',300,75.00,25.00,'Paid'),('NITE:43037','2017-10-31','2017-10-31','2017-10-31','Quincy','NITE2','NITE','POTOMAC','MRC OMS & FIX Equities order routing fee [client POTOMAC]',500,125.00,25.00,'Paid'),('RILY:43037','2017-10-31','2017-10-31','2017-10-31','Quincy','RILY','RILY','POTOMAC','MRC OMS & FIX Equitiies order routing fee [client POTOMAC]',250,62.50,25.00,'Paid'),('RILY:43037','2017-10-31','2017-10-31','2017-10-31','Quincy','RILY','RILY','RILY','MRC FIX Doheny Order Routing',150,37.50,25.00,'Paid'),('RILY:43037','2017-10-31','2017-10-31','2017-10-31','Quincy','RILY','RILY','RILY','MRC FIX Granite Capital Order Routing',150,37.50,25.00,'Paid'),('RILY:43037','2017-10-31','2017-10-31','2017-10-31','Quincy','RILY','RILY','RILY','MRC FIX Manatuck Order Routing',150,37.50,25.00,'Paid'),('UBSW:43037','2017-10-31','2017-10-31','2017-10-31','Quincy','UBS2','UBSW','CONVENTUS','MRC risk platform & FIX Equities drop copy fee [client CONVENTUS]',300,75.00,25.00,'Paid'),('WCHV:43037','2017-10-31','2017-10-31','2017-10-31','Quincy','WCHV2','WCHV','CONVENTUS','MRC FIX Two Way Connection Equities [Client Conventus] Jason Mallor',500,125.00,25.00,'Paid'),('WEED:43037','2017-10-31','2017-10-31','2017-10-31','Quincy','WEED','WEED','LINCOLN','MRC FIX: Lincoln Capital',500,125.00,25.00,'Paid'),('BCMS:43068','2017-12-01','2017-11-30','2017-12-31','Quincy','BCMS','BCMS','CONVENTUS','Portfolio Management Base Fee Client [Conventus Capital LLC] ',2000,500.00,25.00,'Paid'),('BOOK:43067','2017-11-30','2017-11-30','2017-11-30','Quincy','BOOK','BOOK','CONVENTUS','MRC risk platform & non-US FIX Equities drop copy fee [client CONVENTUS]',500,125.00,25.00,'Paid'),('BOOK:43067','2017-11-30','2017-11-30','2017-11-30','Quincy','BOOK','BOOK','CONVENTUS','MRC risk platform & US FIX Equities drop copy fee [client CONVENTUS]',500,125.00,25.00,'Paid'),('BTIG:43067','2017-11-30','2017-11-30','2017-11-30','Quincy','BTIG','BTIG','POTOMAC','MRC OMS & FIX Equitiies order routing fee [client POTOMAC]',500,125.00,25.00,'Paid'),('CHLM:43067','2017-11-30','2017-11-30','2017-11-30','Quincy','CHLM','CHLM','POTOMAC','MRC OMS & FIX Equities order routing fee [client POTOMAC]',500,125.00,25.00,'Paid'),('GS:43067','2017-11-30','2017-11-30','2017-11-30','Quincy','GSCO','GS','CONVENTUS','MRC risk platform & FIX Equities drop copy fee [client CONVENTUS]',500,125.00,25.00,'Paid'),('JEFF:43067','2017-11-30','2017-11-30','2017-11-30','Quincy','JEFF','JEFF','CONVENTUS','MRC FIX Two Way Connection Equities [Client Conventus] Jason Mallor',500,125.00,25.00,'Paid'),('JEFF:43067','2017-11-30','2017-11-30','2017-11-30','Quincy','JEFF','JEFF','CONVENTUS','MRC risk platform & FIX Equities drop copy fee BBG/REDI [client CONVENTUS]',300,75.00,25.00,'Paid'),('JEFF:43067','2017-11-30','2017-11-30','2017-11-30','Quincy','JEFF','JEFF','POTOMAC','MRC OMS & FIX Equities order routing fee [client POTOMAC]',500,125.00,25.00,'Paid'),('JEFF:43067','2017-11-30','2017-11-30','2017-11-30','Quincy','JEFF','JEFF','POTOMAC','MRC OMS & FIX Options order routing fee client POTOMAC',500,125.00,25.00,'Paid'),('JONE:43067','2017-11-30','2017-11-30','2017-11-30','Quincy','JONE','JONE','JONES','2 way fix connection: Hunter\'s Peak to Jones (Eze OMS)',150,37.50,25.00,'Paid'),('JONE:43067','2017-11-30','2017-11-30','2017-12-31','Quincy','JONE','JONE','JONES','Jones Icon Base Fee (Next month\'s service)',12000,3000.00,25.00,'Paid'),('JONE:43067','2017-11-30','2017-11-30','2017-11-30','Quincy','JONE','JONE','JONES','Kynikos FIX Order Routing Connection',150,37.50,25.00,'Paid'),('JONE:43067','2017-11-30','2017-11-30','2017-11-30','Quincy','JONE','JONE','JONES','MRC FIC Two Way FIX Connection Equities Client LANDSCAPE via Victor Securities',150,37.50,25.00,'Paid'),('JONE:43067','2017-11-30','2017-11-30','2017-11-30','Quincy','JONE','JONE','JONES','MRC Pleasant Lake Partners platform charge ',1300,325.00,25.00,'Paid'),('JONE:43067','2017-11-30','2017-11-30','2017-11-30','Quincy','JONE','JONE','JONES','Parametric FIX Order Routing',150,37.50,25.00,'Paid'),('JONE:43067','2017-11-30','2017-11-30','2017-11-30','Quincy','JONE','JONE','POTOMAC','MRC OMS & FIX Equities order routing fee [client POTOMAC]',500,125.00,25.00,'Paid'),('ML:43067','2017-11-30','2017-11-30','2017-11-30','Quincy','MLCO','ML','CONVENTUS','MRC risk platform & FIX Equities drop copy fee [client CONVENTUS]',300,75.00,25.00,'Paid'),('NITE:43067','2017-11-30','2017-11-30','2017-11-30','Quincy','NITE2','NITE','POTOMAC','MRC OMS & FIX Equities order routing fee [client POTOMAC]',500,125.00,25.00,'Paid'),('RILY:43067','2017-11-30','2017-11-30','2017-11-30','Quincy','RILY','RILY','POTOMAC','MRC OMS & FIX Equitiies order routing fee [client POTOMAC]',250,62.50,25.00,'Paid'),('RILY:43067','2017-11-30','2017-11-30','2017-11-30','Quincy','RILY','RILY','RILY','MRC FIX Doheny Order Routing',150,37.50,25.00,'Paid'),('RILY:43067','2017-11-30','2017-11-30','2017-11-30','Quincy','RILY','RILY','RILY','MRC FIX Granite Capital Order Routing',150,37.50,25.00,'Paid'),('RILY:43067','2017-11-30','2017-11-30','2017-11-30','Quincy','RILY','RILY','RILY','MRC FIX Manatuck Order Routing',150,37.50,25.00,'Paid'),('UBSW:43067','2017-11-30','2017-11-30','2017-11-30','Quincy','UBS2','UBSW','CONVENTUS','MRC risk platform & FIX Equities drop copy fee [client CONVENTUS]',300,75.00,25.00,'Paid'),('WCHV:43067','2017-11-30','2017-11-30','2017-11-30','Quincy','WCHV2','WCHV','CONVENTUS','MRC FIX Two Way Connection Equities [Client Conventus] Jason Mallor',500,125.00,25.00,'Paid'),('WEED:43067','2017-11-30','2017-11-30','2017-11-30','Quincy','WEED','WEED','LINCOLN','MRC FIX: Lincoln Capital',500,125.00,25.00,'Paid'),('BCMS:43099','2018-01-01','2017-12-31','2018-01-31','Quincy','BCMS','BCMS','CONVENTUS','Portfolio Management Base Fee Client [Conventus Capital LLC] ',2000,500.00,25.00,'Paid'),('BOOK:43098','2017-12-31','2017-12-31','2017-12-31','Quincy','BOOK','BOOK','CONVENTUS','MRC risk platform & non-US FIX Equities drop copy fee [client CONVENTUS]',500,125.00,25.00,'Paid'),('BOOK:43098','2017-12-31','2017-12-31','2017-12-31','Quincy','BOOK','BOOK','CONVENTUS','MRC risk platform & US FIX Equities drop copy fee [client CONVENTUS]',500,125.00,25.00,'Paid'),('BTIG:43098','2017-12-31','2017-12-31','2017-12-31','Quincy','BTIG','BTIG','POTOMAC','MRC OMS & FIX Equitiies order routing fee [client POTOMAC]',500,125.00,25.00,'Paid'),('CHLM:43098','2017-12-31','2017-12-31','2017-12-31','Quincy','CHLM','CHLM','POTOMAC','MRC OMS & FIX Equities order routing fee [client POTOMAC]',500,125.00,25.00,'Paid'),('GS:43098','2017-12-31','2017-12-31','2017-12-31','Quincy','GSCO','GS','CONVENTUS','MRC risk platform & FIX Equities drop copy fee [client CONVENTUS]',500,125.00,25.00,'Paid'),('JEFF:43098','2017-12-31','2017-12-31','2017-12-31','Quincy','JEFF','JEFF','CONVENTUS','MRC FIX Two Way Connection Equities [Client Conventus] Jason Mallor',500,125.00,25.00,'Paid'),('JEFF:43098','2017-12-31','2017-12-31','2017-12-31','Quincy','JEFF','JEFF','CONVENTUS','MRC risk platform & FIX Equities drop copy fee BBG/REDI [client CONVENTUS]',300,75.00,25.00,'Paid'),('JEFF:43098','2017-12-31','2017-12-31','2017-12-31','Quincy','JEFF','JEFF','POTOMAC','MRC OMS & FIX Equities order routing fee [client POTOMAC]',500,125.00,25.00,'Paid'),('JEFF:43098','2017-12-31','2017-12-31','2017-12-31','Quincy','JEFF','JEFF','POTOMAC','MRC OMS & FIX Options order routing fee client POTOMAC',500,125.00,25.00,'Paid'),('JONE:43098','2017-12-31','2017-12-31','2017-12-31','Quincy','JONE','JONE','JONES','2 way fix connection: Hunter\'s Peak to Jones (Eze OMS)',150,37.50,25.00,'Paid'),('JONE:43098','2017-12-31','2017-12-31','2018-01-31','Quincy','JONE','JONE','JONES','Jones Icon Base Fee (Next month\'s service)',12000,3000.00,25.00,'Paid'),('JONE:43098','2017-12-31','2017-12-31','2017-12-31','Quincy','JONE','JONE','JONES','Kynikos FIX Order Routing Connection',150,37.50,25.00,'Paid'),('JONE:43098','2017-12-31','2017-12-31','2017-12-31','Quincy','JONE','JONE','JONES','MRC FIC Two Way FIX Connection Equities Client LANDSCAPE via Victor Securities',150,37.50,25.00,'Paid'),('JONE:43098','2017-12-31','2017-12-31','2017-12-31','Quincy','JONE','JONE','JONES','MRC Pleasant Lake Partners platform charge ',1300,325.00,25.00,'Paid'),('JONE:43098','2017-12-31','2017-12-31','2017-12-31','Quincy','JONE','JONE','JONES','Parametric FIX Order Routing',150,37.50,25.00,'Paid'),('JONE:43098','2017-12-31','2017-12-31','2017-12-31','Quincy','JONE','JONE','POTOMAC','MRC OMS & FIX Equities order routing fee [client POTOMAC]',500,125.00,25.00,'Paid'),('ML:43098','2017-12-31','2017-12-31','2017-12-31','Quincy','MLCO','ML','CONVENTUS','MRC risk platform & FIX Equities drop copy fee [client CONVENTUS]',300,75.00,25.00,'Paid'),('NITE:43098','2017-12-31','2017-12-31','2017-12-31','Quincy','NITE2','NITE','POTOMAC','MRC OMS & FIX Equities order routing fee [client POTOMAC]',500,125.00,25.00,'Paid'),('RILY:43098','2017-12-31','2017-12-31','2017-12-31','Quincy','RILY','RILY','POTOMAC','MRC OMS & FIX Equitiies order routing fee [client POTOMAC]',250,62.50,25.00,'Paid'),('RILY:43098','2017-12-31','2017-12-31','2017-12-31','Quincy','RILY','RILY','RILY','MRC FIX Doheny Order Routing',150,37.50,25.00,'Paid'),('RILY:43098','2017-12-31','2017-12-31','2017-12-31','Quincy','RILY','RILY','RILY','MRC FIX Granite Capital Order Routing',150,37.50,25.00,'Paid'),('RILY:43098','2017-12-31','2017-12-31','2017-12-31','Quincy','RILY','RILY','RILY','MRC FIX Manatuck Order Routing',150,37.50,25.00,'Paid'),('UBSW:43098','2017-12-31','2017-12-31','2017-12-31','Quincy','UBS2','UBSW','CONVENTUS','MRC risk platform & FIX Equities drop copy fee [client CONVENTUS]',300,75.00,25.00,'Paid'),('WCHV:43098','2017-12-31','2017-12-31','2017-12-31','Quincy','WCHV2','WCHV','CONVENTUS','MRC FIX Two Way Connection Equities [Client Conventus] Jason Mallor',500,125.00,25.00,'Paid'),('WEED:43098','2017-12-31','2017-12-31','2017-12-31','Quincy','WEED','WEED','LINCOLN','MRC FIX: Lincoln Capital',500,125.00,25.00,'Paid'),('BCMS:43130','2018-02-01','2018-01-31','2018-02-28','Quincy','BCMS','BCMS','CONVENTUS','Portfolio Management Base Fee Client [Conventus Capital LLC] ',2000,500.00,25.00,'Paid'),('BOOK:43129','2018-01-31','2018-01-31','2018-01-31','Quincy','BOOK','BOOK','CONVENTUS','MRC risk platform & non-US FIX Equities drop copy fee [client CONVENTUS]',500,125.00,25.00,'Paid'),('BOOK:43129','2018-01-31','2018-01-31','2018-01-31','Quincy','BOOK','BOOK','CONVENTUS','MRC risk platform & US FIX Equities drop copy fee [client CONVENTUS]',500,125.00,25.00,'Paid'),('BTIG:43129','2018-01-31','2018-01-31','2018-01-31','Quincy','BTIG','BTIG','POTOMAC','MRC OMS & FIX Equitiies order routing fee [client POTOMAC]',500,125.00,25.00,'Paid'),('CHLM:43129','2018-01-31','2018-01-31','2018-01-31','Quincy','CHLM','CHLM','POTOMAC','MRC OMS & FIX Equities order routing fee [client POTOMAC]',500,125.00,25.00,'Paid'),('GS:43129','2018-01-31','2018-01-31','2018-01-31','Quincy','GSCO','GS','CONVENTUS','MRC risk platform & FIX Equities drop copy fee [client CONVENTUS]',500,125.00,25.00,'Paid'),('JEFF:43129','2018-01-31','2018-01-31','2018-01-31','Quincy','JEFF','JEFF','CONVENTUS','MRC FIX Two Way Connection Equities [Client Conventus] Jason Mallor',500,125.00,25.00,'Paid'),('JEFF:43129','2018-01-31','2018-01-31','2018-01-31','Quincy','JEFF','JEFF','CONVENTUS','MRC risk platform & FIX Equities drop copy fee BBG/REDI [client CONVENTUS]',300,75.00,25.00,'Paid'),('JEFF:43129','2018-01-31','2018-01-31','2018-01-31','Quincy','JEFF','JEFF','POTOMAC','MRC OMS & FIX Equities order routing fee [client POTOMAC]',500,125.00,25.00,'Paid'),('JEFF:43129','2018-01-31','2018-01-31','2018-01-31','Quincy','JEFF','JEFF','POTOMAC','MRC OMS & FIX Options order routing fee client POTOMAC',500,125.00,25.00,'Paid'),('JONE:43129','2018-01-31','2018-01-31','2018-01-31','Quincy','JONE','JONE','JONES','2 way fix connection: Hunter\'s Peak to Jones (Eze OMS)',150,37.50,25.00,'Paid'),('JONE:43129','2018-01-31','2018-01-31','2018-02-28','Quincy','JONE','JONE','JONES','Jones Icon Base Fee (Next month\'s service)',12000,3000.00,25.00,'Paid'),('JONE:43129','2018-01-31','2018-01-31','2018-01-31','Quincy','JONE','JONE','JONES','Kynikos FIX Order Routing Connection',150,37.50,25.00,'Paid'),('JONE:43129','2018-01-31','2018-01-31','2018-01-31','Quincy','JONE','JONE','JONES','MRC FIC Two Way FIX Connection Equities Client LANDSCAPE via Victor Securities',150,37.50,25.00,'Paid'),('JONE:43129','2018-01-31','2018-01-31','2018-01-31','Quincy','JONE','JONE','JONES','MRC Pleasant Lake Partners platform charge ',1300,325.00,25.00,'Paid'),('JONE:43129','2018-01-31','2018-01-31','2018-01-31','Quincy','JONE','JONE','JONES','Parametric FIX Order Routing',150,37.50,25.00,'Paid'),('JONE:43129','2018-01-31','2018-01-31','2018-01-31','Quincy','JONE','JONE','POTOMAC','MRC OMS & FIX Equities order routing fee [client POTOMAC]',500,125.00,25.00,'Paid'),('ML:43129','2018-01-31','2018-01-31','2018-01-31','Quincy','MLCO','ML','CONVENTUS','MRC risk platform & FIX Equities drop copy fee [client CONVENTUS]',300,75.00,25.00,'Paid'),('NITE:43129','2018-01-31','2018-01-31','2018-01-31','Quincy','NITE2','NITE','POTOMAC','MRC OMS & FIX Equities order routing fee [client POTOMAC]',500,125.00,25.00,'Paid'),('RILY:43129','2018-01-31','2018-01-31','2018-01-31','Quincy','RILY','RILY','POTOMAC','MRC OMS & FIX Equitiies order routing fee [client POTOMAC]',250,62.50,25.00,'Paid'),('RILY:43129','2018-01-31','2018-01-31','2018-01-31','Quincy','RILY','RILY','RILY','MRC FIX Doheny Order Routing',150,37.50,25.00,'Paid'),('RILY:43129','2018-01-31','2018-01-31','2018-01-31','Quincy','RILY','RILY','RILY','MRC FIX Granite Capital Order Routing',150,37.50,25.00,'Paid'),('RILY:43129','2018-01-31','2018-01-31','2018-01-31','Quincy','RILY','RILY','RILY','MRC FIX Manatuck Order Routing',150,37.50,25.00,'Paid'),('UBSW:43129','2018-01-31','2018-01-31','2018-01-31','Quincy','UBS2','UBSW','CONVENTUS','MRC risk platform & FIX Equities drop copy fee [client CONVENTUS]',300,75.00,25.00,'Paid'),('WCHV:43129','2018-01-31','2018-01-31','2018-01-31','Quincy','WCHV2','WCHV','CONVENTUS','MRC FIX Two Way Connection Equities [Client Conventus] Jason Mallor',500,125.00,25.00,'Paid'),('WEED:43129','2018-01-31','2018-01-31','2018-01-31','Quincy','WEED','WEED','LINCOLN','MRC FIX: Lincoln Capital',500,125.00,25.00,'Paid'),('BCMS:43158','2018-03-01','2018-02-28','2018-03-31','Quincy','BCMS','BCMS','CONVENTUS','Portfolio Management Base Fee Client [Conventus Capital LLC] ',2000,500.00,25.00,'Paid'),('BOOK:43157','2018-02-28','2018-02-28','2018-02-28','Quincy','BOOK','BOOK','CONVENTUS','MRC risk platform & non-US FIX Equities drop copy fee [client CONVENTUS]',500,125.00,25.00,'Paid'),('BOOK:43157','2018-02-28','2018-02-28','2018-02-28','Quincy','BOOK','BOOK','CONVENTUS','MRC risk platform & US FIX Equities drop copy fee [client CONVENTUS]',500,125.00,25.00,'Paid'),('BTIG:43157','2018-02-28','2018-02-28','2018-02-28','Quincy','BTIG','BTIG','POTOMAC','MRC OMS & FIX Equitiies order routing fee [client POTOMAC]',500,125.00,25.00,'Paid'),('CHLM:43157','2018-02-28','2018-02-28','2018-02-28','Quincy','CHLM','CHLM','POTOMAC','MRC OMS & FIX Equities order routing fee [client POTOMAC]',500,125.00,25.00,'Paid'),('GS:43157','2018-02-28','2018-02-28','2018-02-28','Quincy','GSCO','GS','CONVENTUS','MRC risk platform & FIX Equities drop copy fee [client CONVENTUS]',500,125.00,25.00,'Paid'),('JEFF:43157','2018-02-28','2018-02-28','2018-02-28','Quincy','JEFF','JEFF','CONVENTUS','MRC FIX Two Way Connection Equities [Client Conventus] Jason Mallor',500,125.00,25.00,'Paid'),('JEFF:43157','2018-02-28','2018-02-28','2018-02-28','Quincy','JEFF','JEFF','CONVENTUS','MRC risk platform & FIX Equities drop copy fee BBG/REDI [client CONVENTUS]',300,75.00,25.00,'Paid'),('JEFF:43157','2018-02-28','2018-02-28','2018-02-28','Quincy','JEFF','JEFF','POTOMAC','MRC OMS & FIX Equities order routing fee [client POTOMAC]',500,125.00,25.00,'Paid'),('JEFF:43157','2018-02-28','2018-02-28','2018-02-28','Quincy','JEFF','JEFF','POTOMAC','MRC OMS & FIX Options order routing fee client POTOMAC',500,125.00,25.00,'Paid'),('JONE:43157','2018-02-28','2018-02-28','2018-02-28','Quincy','JONE','JONE','JONES','2 way fix connection: Hunter\'s Peak to Jones (Eze OMS)',150,37.50,25.00,'Paid'),('JONE:43157','2018-02-28','2018-02-28','2018-03-31','Quincy','JONE','JONE','JONES','Jones Icon Base Fee (Next month\'s service)',12000,3000.00,25.00,'Paid'),('JONE:43157','2018-02-28','2018-02-28','2018-02-28','Quincy','JONE','JONE','JONES','Kynikos FIX Order Routing Connection',150,37.50,25.00,'Paid'),('JONE:43157','2018-02-28','2018-02-28','2018-02-28','Quincy','JONE','JONE','JONES','MRC FIC Two Way FIX Connection Equities Client LANDSCAPE via Victor Securities',150,37.50,25.00,'Paid'),('JONE:43157','2018-02-28','2018-02-28','2018-02-28','Quincy','JONE','JONE','JONES','MRC Pleasant Lake Partners platform charge ',1300,325.00,25.00,'Paid'),('JONE:43157','2018-02-28','2018-02-28','2018-02-28','Quincy','JONE','JONE','JONES','Parametric FIX Order Routing',150,37.50,25.00,'Paid'),('JONE:43157','2018-02-28','2018-02-28','2018-02-28','Quincy','JONE','JONE','POTOMAC','MRC OMS & FIX Equities order routing fee [client POTOMAC]',500,125.00,25.00,'Paid'),('ML:43157','2018-02-28','2018-02-28','2018-02-28','Quincy','MLCO','ML','CONVENTUS','MRC risk platform & FIX Equities drop copy fee [client CONVENTUS]',300,75.00,25.00,'Paid'),('NITE:43157','2018-02-28','2018-02-28','2018-02-28','Quincy','NITE2','NITE','POTOMAC','MRC OMS & FIX Equities order routing fee [client POTOMAC]',500,125.00,25.00,'Paid'),('RILY:43157','2018-02-28','2018-02-28','2018-02-28','Quincy','RILY','RILY','POTOMAC','MRC OMS & FIX Equitiies order routing fee [client POTOMAC]',250,62.50,25.00,'Paid'),('RILY:43157','2018-02-28','2018-02-28','2018-02-28','Quincy','RILY','RILY','RILY','MRC FIX Doheny Order Routing',150,37.50,25.00,'Paid'),('RILY:43157','2018-02-28','2018-02-28','2018-02-28','Quincy','RILY','RILY','RILY','MRC FIX Granite Capital Order Routing',150,37.50,25.00,'Paid'),('RILY:43157','2018-02-28','2018-02-28','2018-02-28','Quincy','RILY','RILY','RILY','MRC FIX Manatuck Order Routing',150,37.50,25.00,'Paid'),('UBSW:43157','2018-02-28','2018-02-28','2018-02-28','Quincy','UBS2','UBSW','CONVENTUS','MRC risk platform & FIX Equities drop copy fee [client CONVENTUS]',300,75.00,25.00,'Paid'),('WCHV:43157','2018-02-28','2018-02-28','2018-02-28','Quincy','WCHV2','WCHV','CONVENTUS','MRC FIX Two Way Connection Equities [Client Conventus] Jason Mallor',500,125.00,25.00,'Paid'),('WEED:43157','2018-02-28','2018-02-28','2018-02-28','Quincy','WEED','WEED','LINCOLN','MRC FIX: Lincoln Capital',500,125.00,25.00,'Paid'),('BCMS:43189','2018-04-01','2018-03-31','2018-04-30','Quincy','BCMS','BCMS','CONVENTUS','Portfolio Management Base Fee Client [Conventus Capital LLC] ',2000,500.00,25.00,'Paid'),('BOOK:43188','2018-03-31','2018-03-31','2018-03-31','Quincy','BOOK','BOOK','CONVENTUS','MRC risk platform & non-US FIX Equities drop copy fee [client CONVENTUS]',500,125.00,25.00,'Paid'),('BOOK:43188','2018-03-31','2018-03-31','2018-03-31','Quincy','BOOK','BOOK','CONVENTUS','MRC risk platform & US FIX Equities drop copy fee [client CONVENTUS]',500,125.00,25.00,'Paid'),('BTIG:43188','2018-03-31','2018-03-31','2018-03-31','Quincy','BTIG','BTIG','POTOMAC','MRC OMS & FIX Equitiies order routing fee [client POTOMAC]',500,125.00,25.00,'Paid'),('CHLM:43188','2018-03-31','2018-03-31','2018-03-31','Quincy','CHLM','CHLM','POTOMAC','MRC OMS & FIX Equities order routing fee [client POTOMAC]',500,125.00,25.00,'Paid'),('GS:43188','2018-03-31','2018-03-31','2018-03-31','Quincy','GSCO','GS','CONVENTUS','MRC risk platform & FIX Equities drop copy fee [client CONVENTUS]',500,125.00,25.00,'Paid'),('JEFF:43188','2018-03-31','2018-03-31','2018-03-31','Quincy','JEFF','JEFF','CONVENTUS','MRC FIX Two Way Connection Equities [Client Conventus] Jason Mallor',500,125.00,25.00,'Paid'),('JEFF:43188','2018-03-31','2018-03-31','2018-03-31','Quincy','JEFF','JEFF','CONVENTUS','MRC risk platform & FIX Equities drop copy fee BBG/REDI [client CONVENTUS]',300,75.00,25.00,'Paid'),('JEFF:43188','2018-03-31','2018-03-31','2018-03-31','Quincy','JEFF','JEFF','POTOMAC','MRC OMS & FIX Equities order routing fee [client POTOMAC]',500,125.00,25.00,'Paid'),('JEFF:43188','2018-03-31','2018-03-31','2018-03-31','Quincy','JEFF','JEFF','POTOMAC','MRC OMS & FIX Options order routing fee client POTOMAC',500,125.00,25.00,'Paid'),('JONE:43188','2018-03-31','2018-03-31','2018-03-31','Quincy','JONE','JONE','JONES','2 way fix connection: Hunter\'s Peak to Jones (Eze OMS)',150,37.50,25.00,'Paid'),('JONE:43188','2018-03-31','2018-03-31','2018-04-30','Quincy','JONE','JONE','JONES','Jones Icon Base Fee (Next month\'s service)',12000,3000.00,25.00,'Paid'),('JONE:43188','2018-03-31','2018-03-31','2018-03-31','Quincy','JONE','JONE','JONES','Kynikos FIX Order Routing Connection',150,37.50,25.00,'Paid'),('JONE:43188','2018-03-31','2018-03-31','2018-03-31','Quincy','JONE','JONE','JONES','MRC FIC Two Way FIX Connection Equities Client LANDSCAPE via Victor Securities',150,37.50,25.00,'Paid'),('JONE:43188','2018-03-31','2018-03-31','2018-03-31','Quincy','JONE','JONE','JONES','MRC Pleasant Lake Partners platform charge ',1300,325.00,25.00,'Paid'),('JONE:43188','2018-03-31','2018-03-31','2018-03-31','Quincy','JONE','JONE','JONES','Parametric FIX Order Routing',150,37.50,25.00,'Paid'),('JONE:43188','2018-03-31','2018-03-31','2018-03-31','Quincy','JONE','JONE','POTOMAC','MRC OMS & FIX Equities order routing fee [client POTOMAC]',500,125.00,25.00,'Paid'),('ML:43188','2018-03-31','2018-03-31','2018-03-31','Quincy','MLCO','ML','CONVENTUS','MRC risk platform & FIX Equities drop copy fee [client CONVENTUS]',300,75.00,25.00,'Paid'),('NITE:43188','2018-03-31','2018-03-31','2018-03-31','Quincy','NITE2','NITE','POTOMAC','MRC OMS & FIX Equities order routing fee [client POTOMAC]',500,125.00,25.00,'Paid'),('RILY:43188','2018-03-31','2018-03-31','2018-03-31','Quincy','RILY','RILY','POTOMAC','MRC OMS & FIX Equitiies order routing fee [client POTOMAC]',250,62.50,25.00,'Paid'),('RILY:43188','2018-03-31','2018-03-31','2018-03-31','Quincy','RILY','RILY','RILY','MRC FIX Doheny Order Routing',150,37.50,25.00,'Paid'),('RILY:43188','2018-03-31','2018-03-31','2018-03-31','Quincy','RILY','RILY','RILY','MRC FIX Granite Capital Order Routing',150,37.50,25.00,'Paid'),('RILY:43188','2018-03-31','2018-03-31','2018-03-31','Quincy','RILY','RILY','RILY','MRC FIX Manatuck Order Routing',150,37.50,25.00,'Paid'),('UBSW:43188','2018-03-31','2018-03-31','2018-03-31','Quincy','UBS2','UBSW','CONVENTUS','MRC risk platform & FIX Equities drop copy fee [client CONVENTUS]',300,75.00,25.00,'Paid'),('WCHV:43188','2018-03-31','2018-03-31','2018-03-31','Quincy','WCHV2','WCHV','CONVENTUS','MRC FIX Two Way Connection Equities [Client Conventus] Jason Mallor',500,125.00,25.00,'Paid'),('WEED:43188','2018-03-31','2018-03-31','2018-03-31','Quincy','WEED','WEED','LINCOLN','MRC FIX: Lincoln Capital',500,125.00,25.00,'Paid'),('BCMS:43219','2018-05-01','2018-04-30','2018-05-31','Quincy','BCMS','BCMS','CONVENTUS','Portfolio Management Base Fee Client [Conventus Capital LLC] ',2000,500.00,25.00,'Paid'),('BOOK:43218','2018-04-30','2018-04-30','2018-04-30','Quincy','BOOK','BOOK','CONVENTUS','MRC risk platform & non-US FIX Equities drop copy fee [client CONVENTUS]',500,125.00,25.00,'Paid'),('BOOK:43218','2018-04-30','2018-04-30','2018-04-30','Quincy','BOOK','BOOK','CONVENTUS','MRC risk platform & US FIX Equities drop copy fee [client CONVENTUS]',500,125.00,25.00,'Paid'),('BTIG:43218','2018-04-30','2018-04-30','2018-04-30','Quincy','BTIG','BTIG','POTOMAC','MRC OMS & FIX Equitiies order routing fee [client POTOMAC]',500,125.00,25.00,'Paid'),('CHLM:43218','2018-04-30','2018-04-30','2018-04-30','Quincy','CHLM','CHLM','POTOMAC','MRC OMS & FIX Equities order routing fee [client POTOMAC]',500,125.00,25.00,'Paid'),('GS:43218','2018-04-30','2018-04-30','2018-04-30','Quincy','GSCO','GS','CONVENTUS','MRC risk platform & FIX Equities drop copy fee [client CONVENTUS]',500,125.00,25.00,'Paid'),('JEFF:43218','2018-04-30','2018-04-30','2018-04-30','Quincy','JEFF','JEFF','CONVENTUS','MRC FIX Two Way Connection Equities [Client Conventus] Jason Mallor',500,125.00,25.00,'Paid'),('JEFF:43218','2018-04-30','2018-04-30','2018-04-30','Quincy','JEFF','JEFF','CONVENTUS','MRC risk platform & FIX Equities drop copy fee BBG/REDI [client CONVENTUS]',300,75.00,25.00,'Paid'),('JEFF:43218','2018-04-30','2018-04-30','2018-04-30','Quincy','JEFF','JEFF','POTOMAC','MRC OMS & FIX Equities order routing fee [client POTOMAC]',500,125.00,25.00,'Paid'),('JEFF:43218','2018-04-30','2018-04-30','2018-04-30','Quincy','JEFF','JEFF','POTOMAC','MRC OMS & FIX Options order routing fee client POTOMAC',500,125.00,25.00,'Paid'),('JONE:43218','2018-04-30','2018-04-30','2018-04-30','Quincy','JONE','JONE','JONES','2 way fix connection: Hunter\'s Peak to Jones (Eze OMS)',150,37.50,25.00,'Paid'),('JONE:43218','2018-04-30','2018-04-30','2018-05-31','Quincy','JONE','JONE','JONES','Jones Icon Base Fee (Next month\'s service)',12000,3000.00,25.00,'Paid'),('JONE:43218','2018-04-30','2018-04-30','2018-04-30','Quincy','JONE','JONE','JONES','Kynikos FIX Order Routing Connection',150,37.50,25.00,'Paid'),('JONE:43218','2018-04-30','2018-04-30','2018-04-30','Quincy','JONE','JONE','JONES','MRC FIC Two Way FIX Connection Equities Client LANDSCAPE via Victor Securities',150,37.50,25.00,'Paid'),('JONE:43218','2018-04-30','2018-04-30','2018-04-30','Quincy','JONE','JONE','JONES','MRC Pleasant Lake Partners platform charge ',1300,325.00,25.00,'Paid'),('JONE:43218','2018-04-30','2018-04-30','2018-04-30','Quincy','JONE','JONE','JONES','Parametric FIX Order Routing',150,37.50,25.00,'Paid'),('JONE:43218','2018-04-30','2018-04-30','2018-04-30','Quincy','JONE','JONE','POTOMAC','MRC OMS & FIX Equities order routing fee [client POTOMAC]',500,125.00,25.00,'Paid'),('ML:43218','2018-04-30','2018-04-30','2018-04-30','Quincy','MLCO','ML','CONVENTUS','MRC risk platform & FIX Equities drop copy fee [client CONVENTUS]',300,75.00,25.00,'Paid'),('NITE:43218','2018-04-30','2018-04-30','2018-04-30','Quincy','NITE2','NITE','POTOMAC','MRC OMS & FIX Equities order routing fee [client POTOMAC]',500,125.00,25.00,'Paid'),('RILY:43218','2018-04-30','2018-04-30','2018-04-30','Quincy','RILY','RILY','POTOMAC','MRC OMS & FIX Equitiies order routing fee [client POTOMAC]',250,62.50,25.00,'Paid'),('RILY:43218','2018-04-30','2018-04-30','2018-04-30','Quincy','RILY','RILY','RILY','MRC FIX Doheny Order Routing',150,37.50,25.00,'Paid'),('RILY:43218','2018-04-30','2018-04-30','2018-04-30','Quincy','RILY','RILY','RILY','MRC FIX Granite Capital Order Routing',150,37.50,25.00,'Paid'),('RILY:43218','2018-04-30','2018-04-30','2018-04-30','Quincy','RILY','RILY','RILY','MRC FIX Manatuck Order Routing',150,37.50,25.00,'Paid'),('UBSW:43218','2018-04-30','2018-04-30','2018-04-30','Quincy','UBS2','UBSW','CONVENTUS','MRC risk platform & FIX Equities drop copy fee [client CONVENTUS]',300,75.00,25.00,'Paid'),('WCHV:43218','2018-04-30','2018-04-30','2018-04-30','Quincy','WCHV2','WCHV','CONVENTUS','MRC FIX Two Way Connection Equities [Client Conventus] Jason Mallor',500,125.00,25.00,'Paid'),('WEED:43218','2018-04-30','2018-04-30','2018-04-30','Quincy','WEED','WEED','LINCOLN','MRC FIX: Lincoln Capital',500,125.00,25.00,'Paid'),('BCMS:43250','2018-06-01','2018-05-31','2018-06-30','Quincy','BCMS','BCMS','CONVENTUS','Portfolio Management Base Fee Client [Conventus Capital LLC] ',2000,500.00,25.00,'Paid'),('BOOK:43249','2018-05-31','2018-05-31','2018-05-31','Quincy','BOOK','BOOK','CONVENTUS','MRC risk platform & non-US FIX Equities drop copy fee [client CONVENTUS]',500,125.00,25.00,'Paid'),('BOOK:43249','2018-05-31','2018-05-31','2018-05-31','Quincy','BOOK','BOOK','CONVENTUS','MRC risk platform & US FIX Equities drop copy fee [client CONVENTUS]',500,125.00,25.00,'Paid'),('BTIG:43249','2018-05-31','2018-05-31','2018-05-31','Quincy','BTIG','BTIG','POTOMAC','MRC OMS & FIX Equitiies order routing fee [client POTOMAC]',500,125.00,25.00,'Paid'),('CHLM:43249','2018-05-31','2018-05-31','2018-05-31','Quincy','CHLM','CHLM','POTOMAC','MRC OMS & FIX Equities order routing fee [client POTOMAC]',500,125.00,25.00,'Paid'),('GS:43249','2018-05-31','2018-05-31','2018-05-31','Quincy','GSCO','GS','CONVENTUS','MRC risk platform & FIX Equities drop copy fee [client CONVENTUS]',500,125.00,25.00,'Paid'),('JEFF:43249','2018-05-31','2018-05-31','2018-05-31','Quincy','JEFF','JEFF','CONVENTUS','MRC FIX Two Way Connection Equities [Client Conventus] Jason Mallor',500,125.00,25.00,'Paid'),('JEFF:43249','2018-05-31','2018-05-31','2018-05-31','Quincy','JEFF','JEFF','CONVENTUS','MRC risk platform & FIX Equities drop copy fee BBG/REDI [client CONVENTUS]',300,75.00,25.00,'Paid'),('JEFF:43249','2018-05-31','2018-05-31','2018-05-31','Quincy','JEFF','JEFF','POTOMAC','MRC OMS & FIX Equities order routing fee [client POTOMAC]',500,125.00,25.00,'Paid'),('JEFF:43249','2018-05-31','2018-05-31','2018-05-31','Quincy','JEFF','JEFF','POTOMAC','MRC OMS & FIX Options order routing fee client POTOMAC',500,125.00,25.00,'Paid'),('JONE:43249','2018-05-31','2018-05-31','2018-05-31','Quincy','JONE','JONE','JONES','2 way fix connection: Hunter\'s Peak to Jones (Eze OMS)',150,37.50,25.00,'Paid'),('JONE:43249','2018-05-31','2018-05-31','2018-06-30','Quincy','JONE','JONE','JONES','Jones Icon Base Fee (Next month\'s service)',12000,3000.00,25.00,'Paid'),('JONE:43249','2018-05-31','2018-05-31','2018-05-31','Quincy','JONE','JONE','JONES','Kynikos FIX Order Routing Connection',150,37.50,25.00,'Paid'),('JONE:43249','2018-05-31','2018-05-31','2018-05-31','Quincy','JONE','JONE','JONES','MRC FIC Two Way FIX Connection Equities Client LANDSCAPE via Victor Securities',150,37.50,25.00,'Paid'),('JONE:43249','2018-05-31','2018-05-31','2018-05-31','Quincy','JONE','JONE','JONES','MRC Pleasant Lake Partners platform charge ',1300,325.00,25.00,'Paid'),('JONE:43249','2018-05-31','2018-05-31','2018-05-31','Quincy','JONE','JONE','JONES','Parametric FIX Order Routing',150,37.50,25.00,'Paid'),('JONE:43249','2018-05-31','2018-05-31','2018-05-31','Quincy','JONE','JONE','POTOMAC','MRC OMS & FIX Equities order routing fee [client POTOMAC]',500,125.00,25.00,'Paid'),('ML:43249','2018-05-31','2018-05-31','2018-05-31','Quincy','MLCO','ML','CONVENTUS','MRC risk platform & FIX Equities drop copy fee [client CONVENTUS]',300,75.00,25.00,'Paid'),('NITE:43249','2018-05-31','2018-05-31','2018-05-31','Quincy','NITE2','NITE','POTOMAC','MRC OMS & FIX Equities order routing fee [client POTOMAC]',500,125.00,25.00,'Paid'),('RILY:43249','2018-05-31','2018-05-31','2018-05-31','Quincy','RILY','RILY','POTOMAC','MRC OMS & FIX Equitiies order routing fee [client POTOMAC]',250,62.50,25.00,'Paid'),('RILY:43249','2018-05-31','2018-05-31','2018-05-31','Quincy','RILY','RILY','RILY','MRC FIX Doheny Order Routing',150,37.50,25.00,'Paid'),('RILY:43249','2018-05-31','2018-05-31','2018-05-31','Quincy','RILY','RILY','RILY','MRC FIX Granite Capital Order Routing',150,37.50,25.00,'Paid'),('RILY:43249','2018-05-31','2018-05-31','2018-05-31','Quincy','RILY','RILY','RILY','MRC FIX Manatuck Order Routing',150,37.50,25.00,'Paid'),('UBSW:43249','2018-05-31','2018-05-31','2018-05-31','Quincy','UBS2','UBSW','CONVENTUS','MRC risk platform & FIX Equities drop copy fee [client CONVENTUS]',300,75.00,25.00,'Paid'),('WCHV:43249','2018-05-31','2018-05-31','2018-05-31','Quincy','WCHV2','WCHV','CONVENTUS','MRC FIX Two Way Connection Equities [Client Conventus] Jason Mallor',500,125.00,25.00,'Paid'),('WEED:43249','2018-05-31','2018-05-31','2018-05-31','Quincy','WEED','WEED','LINCOLN','MRC FIX: Lincoln Capital',500,125.00,25.00,'Paid'),('BCMS:43280','2018-07-01','2018-06-30','2018-07-31','Quincy','BCMS','BCMS','CONVENTUS','Portfolio Management Base Fee Client [Conventus Capital LLC] ',2000,500.00,25.00,'Paid'),('BOOK:43279','2018-06-30','2018-06-30','2018-06-30','Quincy','BOOK','BOOK','CONVENTUS','MRC risk platform & non-US FIX Equities drop copy fee [client CONVENTUS]',500,125.00,25.00,'Paid'),('BOOK:43279','2018-06-30','2018-06-30','2018-06-30','Quincy','BOOK','BOOK','CONVENTUS','MRC risk platform & US FIX Equities drop copy fee [client CONVENTUS]',500,125.00,25.00,'Paid'),('BTIG:43279','2018-06-30','2018-06-30','2018-06-30','Quincy','BTIG','BTIG','POTOMAC','MRC OMS & FIX Equitiies order routing fee [client POTOMAC]',500,125.00,25.00,'Paid'),('CHLM:43279','2018-06-30','2018-06-30','2018-06-30','Quincy','CHLM','CHLM','POTOMAC','MRC OMS & FIX Equities order routing fee [client POTOMAC]',500,125.00,25.00,'Paid'),('GS:43279','2018-06-30','2018-06-30','2018-06-30','Quincy','GSCO','GS','CONVENTUS','MRC risk platform & FIX Equities drop copy fee [client CONVENTUS]',500,125.00,25.00,'Paid'),('JEFF:43279','2018-06-30','2018-06-30','2018-06-30','Quincy','JEFF','JEFF','CONVENTUS','MRC FIX Two Way Connection Equities [Client Conventus] Jason Mallor',500,125.00,25.00,'Paid'),('JEFF:43279','2018-06-30','2018-06-30','2018-06-30','Quincy','JEFF','JEFF','CONVENTUS','MRC risk platform & FIX Equities drop copy fee BBG/REDI [client CONVENTUS]',300,75.00,25.00,'Paid'),('JEFF:43279','2018-06-30','2018-06-30','2018-06-30','Quincy','JEFF','JEFF','POTOMAC','MRC OMS & FIX Equities order routing fee [client POTOMAC]',500,125.00,25.00,'Paid'),('JEFF:43279','2018-06-30','2018-06-30','2018-06-30','Quincy','JEFF','JEFF','POTOMAC','MRC OMS & FIX Options order routing fee client POTOMAC',500,125.00,25.00,'Paid'),('JONE:43279','2018-06-30','2018-06-30','2018-06-30','Quincy','JONE','JONE','JONES','2 way fix connection: Hunter\'s Peak to Jones (Eze OMS)',150,37.50,25.00,'Paid'),('JONE:43279','2018-06-30','2018-06-30','2018-07-31','Quincy','JONE','JONE','JONES','Jones Icon Base Fee (Next month\'s service)',12000,3000.00,25.00,'Paid'),('JONE:43279','2018-06-30','2018-06-30','2018-06-30','Quincy','JONE','JONE','JONES','Kynikos FIX Order Routing Connection',150,37.50,25.00,'Paid'),('JONE:43279','2018-06-30','2018-06-30','2018-06-30','Quincy','JONE','JONE','JONES','MRC FIC Two Way FIX Connection Equities Client LANDSCAPE via Victor Securities',150,37.50,25.00,'Paid'),('JONE:43279','2018-06-30','2018-06-30','2018-06-30','Quincy','JONE','JONE','JONES','MRC Pleasant Lake Partners platform charge ',1300,325.00,25.00,'Paid'),('JONE:43279','2018-06-30','2018-06-30','2018-06-30','Quincy','JONE','JONE','JONES','Parametric FIX Order Routing',150,37.50,25.00,'Paid'),('JONE:43279','2018-06-30','2018-06-30','2018-06-30','Quincy','JONE','JONE','POTOMAC','MRC OMS & FIX Equities order routing fee [client POTOMAC]',500,125.00,25.00,'Paid'),('ML:43279','2018-06-30','2018-06-30','2018-06-30','Quincy','MLCO','ML','CONVENTUS','MRC risk platform & FIX Equities drop copy fee [client CONVENTUS]',300,75.00,25.00,'Paid'),('NITE:43279','2018-06-30','2018-06-30','2018-06-30','Quincy','NITE2','NITE','POTOMAC','MRC OMS & FIX Equities order routing fee [client POTOMAC]',500,125.00,25.00,'Paid'),('RILY:43279','2018-06-30','2018-06-30','2018-06-30','Quincy','RILY','RILY','POTOMAC','MRC OMS & FIX Equitiies order routing fee [client POTOMAC]',250,62.50,25.00,'Paid'),('RILY:43279','2018-06-30','2018-06-30','2018-06-30','Quincy','RILY','RILY','RILY','MRC FIX Doheny Order Routing',150,37.50,25.00,'Paid'),('RILY:43279','2018-06-30','2018-06-30','2018-06-30','Quincy','RILY','RILY','RILY','MRC FIX Granite Capital Order Routing',150,37.50,25.00,'Paid'),('RILY:43279','2018-06-30','2018-06-30','2018-06-30','Quincy','RILY','RILY','RILY','MRC FIX Manatuck Order Routing',150,37.50,25.00,'Paid'),('UBSW:43279','2018-06-30','2018-06-30','2018-06-30','Quincy','UBS2','UBSW','CONVENTUS','MRC risk platform & FIX Equities drop copy fee [client CONVENTUS]',300,75.00,25.00,'Paid'),('WCHV:43279','2018-06-30','2018-06-30','2018-06-30','Quincy','WCHV2','WCHV','CONVENTUS','MRC FIX Two Way Connection Equities [Client Conventus] Jason Mallor',500,125.00,25.00,'Paid'),('WEED:43279','2018-06-30','2018-06-30','2018-06-30','Quincy','WEED','WEED','LINCOLN','MRC FIX: Lincoln Capital',500,125.00,25.00,'Paid'),('BCMS:43311','2018-08-01','2018-07-31','2018-08-31','Quincy','BCMS','BCMS','CONVENTUS','Portfolio Management Base Fee Client [Conventus Capital LLC] ',2000,500.00,25.00,'Unpaid'),('BOOK:43310','2018-07-31','2018-07-31','2018-07-31','Quincy','BOOK','BOOK','CONVENTUS','MRC risk platform & non-US FIX Equities drop copy fee [client CONVENTUS]',500,125.00,25.00,'Paid'),('BOOK:43310','2018-07-31','2018-07-31','2018-07-31','Quincy','BOOK','BOOK','CONVENTUS','MRC risk platform & US FIX Equities drop copy fee [client CONVENTUS]',500,125.00,25.00,'Paid'),('BTIG:43310','2018-07-31','2018-07-31','2018-07-31','Quincy','BTIG','BTIG','POTOMAC','MRC OMS & FIX Equitiies order routing fee [client POTOMAC]',500,125.00,25.00,'Paid'),('CHLM:43310','2018-07-31','2018-07-31','2018-07-31','Quincy','CHLM','CHLM','POTOMAC','MRC OMS & FIX Equities order routing fee [client POTOMAC]',500,125.00,25.00,'Paid'),('GS:43310','2018-07-31','2018-07-31','2018-07-31','Quincy','GSCO','GS','CONVENTUS','MRC risk platform & FIX Equities drop copy fee [client CONVENTUS]',500,125.00,25.00,'Paid'),('JEFF:43310','2018-07-31','2018-07-31','2018-07-31','Quincy','JEFF','JEFF','CONVENTUS','MRC FIX Two Way Connection Equities [Client Conventus] Jason Mallor',500,125.00,25.00,'Paid'),('JEFF:43310','2018-07-31','2018-07-31','2018-07-31','Quincy','JEFF','JEFF','CONVENTUS','MRC risk platform & FIX Equities drop copy fee BBG/REDI [client CONVENTUS]',300,75.00,25.00,'Paid'),('JEFF:43310','2018-07-31','2018-07-31','2018-07-31','Quincy','JEFF','JEFF','POTOMAC','MRC OMS & FIX Equities order routing fee [client POTOMAC]',500,125.00,25.00,'Paid'),('JEFF:43310','2018-07-31','2018-07-31','2018-07-31','Quincy','JEFF','JEFF','POTOMAC','MRC OMS & FIX Options order routing fee client POTOMAC',500,125.00,25.00,'Paid'),('JONE:43310','2018-07-31','2018-07-31','2018-07-31','Quincy','JONE','JONE','JONES','2 way fix connection: Hunter\'s Peak to Jones (Eze OMS)',150,37.50,25.00,'Paid'),('JONE:43310','2018-07-31','2018-07-31','2018-08-31','Quincy','JONE','JONE','JONES','Jones Icon Base Fee (Next month\'s service)',12000,3000.00,25.00,'Paid'),('JONE:43310','2018-07-31','2018-07-31','2018-07-31','Quincy','JONE','JONE','JONES','Kynikos FIX Order Routing Connection',150,37.50,25.00,'Paid'),('JONE:43310','2018-07-31','2018-07-31','2018-07-31','Quincy','JONE','JONE','JONES','MRC FIC Two Way FIX Connection Equities Client LANDSCAPE via Victor Securities',150,37.50,25.00,'Paid'),('JONE:43310','2018-07-31','2018-07-31','2018-07-31','Quincy','JONE','JONE','JONES','MRC Pleasant Lake Partners platform charge ',1300,325.00,25.00,'Paid'),('JONE:43310','2018-07-31','2018-07-31','2018-07-31','Quincy','JONE','JONE','JONES','Parametric FIX Order Routing',150,37.50,25.00,'Paid'),('JONE:43310','2018-07-31','2018-07-31','2018-07-31','Quincy','JONE','JONE','POTOMAC','MRC OMS & FIX Equities order routing fee [client POTOMAC]',500,125.00,25.00,'Paid'),('ML:43310','2018-07-31','2018-07-31','2018-07-31','Quincy','MLCO','ML','CONVENTUS','MRC risk platform & FIX Equities drop copy fee [client CONVENTUS]',300,75.00,25.00,'Paid'),('NITE:43310','2018-07-31','2018-07-31','2018-07-31','Quincy','NITE2','NITE','POTOMAC','MRC OMS & FIX Equities order routing fee [client POTOMAC]',500,125.00,25.00,'Paid'),('RILY:43310','2018-07-31','2018-07-31','2018-07-31','Quincy','RILY','RILY','POTOMAC','MRC OMS & FIX Equitiies order routing fee [client POTOMAC]',250,62.50,25.00,'Paid'),('RILY:43310','2018-07-31','2018-07-31','2018-07-31','Quincy','RILY','RILY','RILY','MRC FIX Doheny Order Routing',150,37.50,25.00,'Paid'),('RILY:43310','2018-07-31','2018-07-31','2018-07-31','Quincy','RILY','RILY','RILY','MRC FIX Granite Capital Order Routing',150,37.50,25.00,'Paid'),('RILY:43310','2018-07-31','2018-07-31','2018-07-31','Quincy','RILY','RILY','RILY','MRC FIX Manatuck Order Routing',150,37.50,25.00,'Paid'),('UBSW:43310','2018-07-31','2018-07-31','2018-07-31','Quincy','UBS2','UBSW','CONVENTUS','MRC risk platform & FIX Equities drop copy fee [client CONVENTUS]',300,75.00,25.00,'Paid'),('WCHV:43310','2018-07-31','2018-07-31','2018-07-31','Quincy','WCHV2','WCHV','CONVENTUS','MRC FIX Two Way Connection Equities [Client Conventus] Jason Mallor',500,125.00,25.00,'Paid'),('WEED:43310','2018-07-31','2018-07-31','2018-07-31','Quincy','WEED','WEED','LINCOLN','MRC FIX: Lincoln Capital',500,125.00,25.00,'Paid'),('BCMS:43342','2018-09-01','2018-08-31','2018-09-30','Quincy','BCMS','BCMS','CONVENTUS','Portfolio Management Base Fee Client [Conventus Capital LLC] ',2000,500.00,25.00,'Paid'),('BOOK:43341','2018-08-31','2018-08-31','2018-08-31','Quincy','BOOK','BOOK','CONVENTUS','MRC risk platform & non-US FIX Equities drop copy fee [client CONVENTUS]',500,125.00,25.00,'Paid'),('BOOK:43341','2018-08-31','2018-08-31','2018-08-31','Quincy','BOOK','BOOK','CONVENTUS','MRC risk platform & US FIX Equities drop copy fee [client CONVENTUS]',500,125.00,25.00,'Paid'),('BTIG:43341','2018-08-31','2018-08-31','2018-08-31','Quincy','BTIG','BTIG','POTOMAC','MRC OMS & FIX Equitiies order routing fee [client POTOMAC]',500,125.00,25.00,'Paid'),('CHLM:43341','2018-08-31','2018-08-31','2018-08-31','Quincy','CHLM','CHLM','POTOMAC','MRC OMS & FIX Equities order routing fee [client POTOMAC]',500,125.00,25.00,'Paid'),('GS:43341','2018-08-31','2018-08-31','2018-08-31','Quincy','GSCO','GS','CONVENTUS','MRC risk platform & FIX Equities drop copy fee [client CONVENTUS]',500,125.00,25.00,'Paid'),('JEFF:43341','2018-08-31','2018-08-31','2018-08-31','Quincy','JEFF','JEFF','CONVENTUS','MRC FIX Two Way Connection Equities [Client Conventus] Jason Mallor',500,125.00,25.00,'Paid'),('JEFF:43341','2018-08-31','2018-08-31','2018-08-31','Quincy','JEFF','JEFF','CONVENTUS','MRC risk platform & FIX Equities drop copy fee BBG/REDI [client CONVENTUS]',300,75.00,25.00,'Paid'),('JEFF:43341','2018-08-31','2018-08-31','2018-08-31','Quincy','JEFF','JEFF','POTOMAC','MRC OMS & FIX Equities order routing fee [client POTOMAC]',500,125.00,25.00,'Paid'),('JEFF:43341','2018-08-31','2018-08-31','2018-08-31','Quincy','JEFF','JEFF','POTOMAC','MRC OMS & FIX Options order routing fee client POTOMAC',500,125.00,25.00,'Paid'),('JONE:43341','2018-08-31','2018-08-31','2018-08-31','Quincy','JONE','JONE','JONES','2 way fix connection: Hunter\'s Peak to Jones (Eze OMS)',150,37.50,25.00,'Paid'),('JONE:43341','2018-08-31','2018-08-31','2018-09-30','Quincy','JONE','JONE','JONES','Jones Icon Base Fee (Next month\'s service)',12000,3000.00,25.00,'Paid'),('JONE:43341','2018-08-31','2018-08-31','2018-08-31','Quincy','JONE','JONE','JONES','Kynikos FIX Order Routing Connection',150,37.50,25.00,'Paid'),('JONE:43341','2018-08-31','2018-08-31','2018-08-31','Quincy','JONE','JONE','JONES','MRC FIC Two Way FIX Connection Equities Client LANDSCAPE via Victor Securities',150,37.50,25.00,'Paid'),('JONE:43341','2018-08-31','2018-08-31','2018-08-31','Quincy','JONE','JONE','JONES','MRC Pleasant Lake Partners platform charge ',1300,325.00,25.00,'Paid'),('JONE:43341','2018-08-31','2018-08-31','2018-08-31','Quincy','JONE','JONE','JONES','Parametric FIX Order Routing',150,37.50,25.00,'Paid'),('JONE:43341','2018-08-31','2018-08-31','2018-08-31','Quincy','JONE','JONE','POTOMAC','MRC OMS & FIX Equities order routing fee [client POTOMAC]',500,125.00,25.00,'Paid'),('ML:43341','2018-08-31','2018-08-31','2018-08-31','Quincy','MLCO','ML','CONVENTUS','MRC risk platform & FIX Equities drop copy fee [client CONVENTUS]',300,75.00,25.00,'Paid'),('NITE:43341','2018-08-31','2018-08-31','2018-08-31','Quincy','NITE2','NITE','POTOMAC','MRC OMS & FIX Equities order routing fee [client POTOMAC]',500,125.00,25.00,'Paid'),('RILY:43341','2018-08-31','2018-08-31','2018-08-31','Quincy','RILY','RILY','POTOMAC','MRC OMS & FIX Equitiies order routing fee [client POTOMAC]',250,62.50,25.00,'Paid'),('RILY:43341','2018-08-31','2018-08-31','2018-08-31','Quincy','RILY','RILY','RILY','MRC FIX Doheny Order Routing',150,37.50,25.00,'Paid'),('RILY:43341','2018-08-31','2018-08-31','2018-08-31','Quincy','RILY','RILY','RILY','MRC FIX Granite Capital Order Routing',150,37.50,25.00,'Paid'),('RILY:43341','2018-08-31','2018-08-31','2018-08-31','Quincy','RILY','RILY','RILY','MRC FIX Manatuck Order Routing',150,37.50,25.00,'Paid'),('UBSW:43341','2018-08-31','2018-08-31','2018-08-31','Quincy','UBS2','UBSW','CONVENTUS','MRC risk platform & FIX Equities drop copy fee [client CONVENTUS]',300,75.00,25.00,'Paid'),('WCHV:43341','2018-08-31','2018-08-31','2018-08-31','Quincy','WCHV2','WCHV','CONVENTUS','MRC FIX Two Way Connection Equities [Client Conventus] Jason Mallor',500,125.00,25.00,'Paid'),('WEED:43341','2018-08-31','2018-08-31','2018-08-31','Quincy','WEED','WEED','LINCOLN','MRC FIX: Lincoln Capital',500,125.00,25.00,'Paid'),('BCMS:43372','2018-10-01','2018-09-30','2018-10-31','Quincy','BCMS','BCMS','CONVENTUS','Portfolio Management Base Fee Client [Conventus Capital LLC] ',2000,500.00,25.00,'Paid'),('BOOK:43371','2018-09-30','2018-09-30','2018-09-30','Quincy','BOOK','BOOK','CONVENTUS','MRC risk platform & non-US FIX Equities drop copy fee [client CONVENTUS]',500,125.00,25.00,'Paid'),('BOOK:43371','2018-09-30','2018-09-30','2018-09-30','Quincy','BOOK','BOOK','CONVENTUS','MRC risk platform & US FIX Equities drop copy fee [client CONVENTUS]',500,125.00,25.00,'Paid'),('BTIG:43371','2018-09-30','2018-09-30','2018-09-30','Quincy','BTIG','BTIG','POTOMAC','MRC OMS & FIX Equitiies order routing fee [client POTOMAC]',500,125.00,25.00,'Paid'),('CHLM:43371','2018-09-30','2018-09-30','2018-09-30','Quincy','CHLM','CHLM','POTOMAC','MRC OMS & FIX Equities order routing fee [client POTOMAC]',500,125.00,25.00,'Paid'),('GS:43371','2018-09-30','2018-09-30','2018-09-30','Quincy','GSCO','GS','CONVENTUS','MRC risk platform & FIX Equities drop copy fee [client CONVENTUS]',500,125.00,25.00,'Paid'),('JEFF:43371','2018-09-30','2018-09-30','2018-09-30','Quincy','JEFF','JEFF','CONVENTUS','MRC FIX Two Way Connection Equities [Client Conventus] Jason Mallor',500,125.00,25.00,'Paid'),('JEFF:43371','2018-09-30','2018-09-30','2018-09-30','Quincy','JEFF','JEFF','CONVENTUS','MRC risk platform & FIX Equities drop copy fee BBG/REDI [client CONVENTUS]',300,75.00,25.00,'Paid'),('JEFF:43371','2018-09-30','2018-09-30','2018-09-30','Quincy','JEFF','JEFF','POTOMAC','MRC OMS & FIX Equities order routing fee [client POTOMAC]',500,125.00,25.00,'Paid'),('JEFF:43371','2018-09-30','2018-09-30','2018-09-30','Quincy','JEFF','JEFF','POTOMAC','MRC OMS & FIX Options order routing fee client POTOMAC',500,125.00,25.00,'Paid'),('JONE:43371','2018-09-30','2018-09-30','2018-09-30','Quincy','JONE','JONE','JONES','2 way fix connection: Hunter\'s Peak to Jones (Eze OMS)',150,37.50,25.00,'Paid'),('JONE:43371','2018-09-30','2018-09-30','2018-10-31','Quincy','JONE','JONE','JONES','Jones Icon Base Fee (Next month\'s service)',12000,3000.00,25.00,'Paid'),('JONE:43371','2018-09-30','2018-09-30','2018-09-30','Quincy','JONE','JONE','JONES','Kynikos FIX Order Routing Connection',150,37.50,25.00,'Paid'),('JONE:43371','2018-09-30','2018-09-30','2018-09-30','Quincy','JONE','JONE','JONES','MRC FIC Two Way FIX Connection Equities Client LANDSCAPE via Victor Securities',150,37.50,25.00,'Paid'),('JONE:43371','2018-09-30','2018-09-30','2018-09-30','Quincy','JONE','JONE','JONES','MRC Pleasant Lake Partners platform charge ',1300,325.00,25.00,'Paid'),('JONE:43371','2018-09-30','2018-09-30','2018-09-30','Quincy','JONE','JONE','JONES','Parametric FIX Order Routing',150,37.50,25.00,'Paid'),('JONE:43371','2018-09-30','2018-09-30','2018-09-30','Quincy','JONE','JONE','POTOMAC','MRC OMS & FIX Equities order routing fee [client POTOMAC]',500,125.00,25.00,'Paid'),('ML:43371','2018-09-30','2018-09-30','2018-09-30','Quincy','MLCO','ML','CONVENTUS','MRC risk platform & FIX Equities drop copy fee [client CONVENTUS]',300,75.00,25.00,'Paid'),('NITE:43371','2018-09-30','2018-09-30','2018-09-30','Quincy','NITE2','NITE','POTOMAC','MRC OMS & FIX Equities order routing fee [client POTOMAC]',500,125.00,25.00,'Paid'),('RILY:43371','2018-09-30','2018-09-30','2018-09-30','Quincy','RILY','RILY','POTOMAC','MRC OMS & FIX Equitiies order routing fee [client POTOMAC]',250,62.50,25.00,'Unpaid'),('RILY:43371','2018-09-30','2018-09-30','2018-09-30','Quincy','RILY','RILY','RILY','MRC FIX Doheny Order Routing',150,37.50,25.00,'Unpaid'),('RILY:43371','2018-09-30','2018-09-30','2018-09-30','Quincy','RILY','RILY','RILY','MRC FIX Granite Capital Order Routing',150,37.50,25.00,'Unpaid'),('RILY:43371','2018-09-30','2018-09-30','2018-09-30','Quincy','RILY','RILY','RILY','MRC FIX Manatuck Order Routing',150,37.50,25.00,'Unpaid'),('UBSW:43371','2018-09-30','2018-09-30','2018-09-30','Quincy','UBS2','UBSW','CONVENTUS','MRC risk platform & FIX Equities drop copy fee [client CONVENTUS]',300,75.00,25.00,'Paid'),('WCHV:43371','2018-09-30','2018-09-30','2018-09-30','Quincy','WCHV2','WCHV','CONVENTUS','MRC FIX Two Way Connection Equities [Client Conventus] Jason Mallor',500,125.00,25.00,'Paid'),('WEED:43371','2018-09-30','2018-09-30','2018-09-30','Quincy','WEED','WEED','LINCOLN','MRC FIX: Lincoln Capital',500,125.00,25.00,'Paid'),('BCMS:43403','2018-11-01','2018-10-31','2018-11-30','Quincy','BCMS','BCMS','CONVENTUS','Portfolio Management Base Fee Client [Conventus Capital LLC] ',2000,500.00,25.00,'Unpaid'),('BOOK:43402','2018-10-31','2018-10-31','2018-10-31','Quincy','BOOK','BOOK','CONVENTUS','MRC risk platform & non-US FIX Equities drop copy fee [client CONVENTUS]',500,125.00,25.00,'Paid'),('BOOK:43402','2018-10-31','2018-10-31','2018-10-31','Quincy','BOOK','BOOK','CONVENTUS','MRC risk platform & US FIX Equities drop copy fee [client CONVENTUS]',500,125.00,25.00,'Paid'),('BTIG:43402','2018-10-31','2018-10-31','2018-10-31','Quincy','BTIG','BTIG','POTOMAC','MRC OMS & FIX Equitiies order routing fee [client POTOMAC]',500,125.00,25.00,'Paid'),('CHLM:43402','2018-10-31','2018-10-31','2018-10-31','Quincy','CHLM','CHLM','POTOMAC','MRC OMS & FIX Equities order routing fee [client POTOMAC]',500,125.00,25.00,'Paid'),('GS:43402','2018-10-31','2018-10-31','2018-10-31','Quincy','GSCO','GS','CONVENTUS','MRC risk platform & FIX Equities drop copy fee [client CONVENTUS]',500,125.00,25.00,'Paid'),('JEFF:43402','2018-10-31','2018-10-31','2018-10-31','Quincy','JEFF','JEFF','CONVENTUS','MRC FIX Two Way Connection Equities [Client Conventus] Jason Mallor',500,125.00,25.00,'Paid'),('JEFF:43402','2018-10-31','2018-10-31','2018-10-31','Quincy','JEFF','JEFF','CONVENTUS','MRC risk platform & FIX Equities drop copy fee BBG/REDI [client CONVENTUS]',300,75.00,25.00,'Paid'),('JEFF:43402','2018-10-31','2018-10-31','2018-10-31','Quincy','JEFF','JEFF','POTOMAC','MRC OMS & FIX Equities order routing fee [client POTOMAC]',500,125.00,25.00,'Paid'),('JEFF:43402','2018-10-31','2018-10-31','2018-10-31','Quincy','JEFF','JEFF','POTOMAC','MRC OMS & FIX Options order routing fee client POTOMAC',500,125.00,25.00,'Paid'),('JONE:43402','2018-10-31','2018-10-31','2018-10-31','Quincy','JONE','JONE','JONES','2 way fix connection: Hunter\'s Peak to Jones (Eze OMS)',150,37.50,25.00,'Paid'),('JONE:43402','2018-10-31','2018-10-31','2018-11-30','Quincy','JONE','JONE','JONES','Jones Icon Base Fee (Next month\'s service)',12000,3000.00,25.00,'Paid'),('JONE:43402','2018-10-31','2018-10-31','2018-10-31','Quincy','JONE','JONE','JONES','Kynikos FIX Order Routing Connection',150,37.50,25.00,'Paid'),('JONE:43402','2018-10-31','2018-10-31','2018-10-31','Quincy','JONE','JONE','JONES','MRC FIC Two Way FIX Connection Equities Client LANDSCAPE via Victor Securities',150,37.50,25.00,'Paid'),('JONE:43402','2018-10-31','2018-10-31','2018-10-31','Quincy','JONE','JONE','JONES','MRC Pleasant Lake Partners platform charge ',1300,325.00,25.00,'Paid'),('JONE:43402','2018-10-31','2018-10-31','2018-10-31','Quincy','JONE','JONE','JONES','Parametric FIX Order Routing',150,37.50,25.00,'Paid'),('JONE:43402','2018-10-31','2018-10-31','2018-10-31','Quincy','JONE','JONE','POTOMAC','MRC OMS & FIX Equities order routing fee [client POTOMAC]',500,125.00,25.00,'Paid'),('ML:43402','2018-10-31','2018-10-31','2018-10-31','Quincy','MLCO','ML','CONVENTUS','MRC risk platform & FIX Equities drop copy fee [client CONVENTUS]',300,75.00,25.00,'Paid'),('NITE:43402','2018-10-31','2018-10-31','2018-10-31','Quincy','NITE2','NITE','POTOMAC','MRC OMS & FIX Equities order routing fee [client POTOMAC]',500,125.00,25.00,'Paid'),('RILY:43402','2018-10-31','2018-10-31','2018-10-31','Quincy','RILY','RILY','POTOMAC','MRC OMS & FIX Equitiies order routing fee [client POTOMAC]',250,62.50,25.00,'Paid'),('RILY:43402','2018-10-31','2018-10-31','2018-10-31','Quincy','RILY','RILY','RILY','MRC FIX Doheny Order Routing',150,37.50,25.00,'Paid'),('RILY:43402','2018-10-31','2018-10-31','2018-10-31','Quincy','RILY','RILY','RILY','MRC FIX Granite Capital Order Routing',150,37.50,25.00,'Paid'),('RILY:43402','2018-10-31','2018-10-31','2018-10-31','Quincy','RILY','RILY','RILY','MRC FIX Manatuck Order Routing',150,37.50,25.00,'Paid'),('UBSW:43402','2018-10-31','2018-10-31','2018-10-31','Quincy','UBS2','UBSW','CONVENTUS','MRC risk platform & FIX Equities drop copy fee [client CONVENTUS]',300,75.00,25.00,'Paid'),('WCHV:43402','2018-10-31','2018-10-31','2018-10-31','Quincy','WCHV2','WCHV','CONVENTUS','MRC FIX Two Way Connection Equities [Client Conventus] Jason Mallor',500,125.00,25.00,'Paid'),('WEED:43402','2018-10-31','2018-10-31','2018-10-31','Quincy','WEED','WEED','LINCOLN','MRC FIX: Lincoln Capital',500,125.00,25.00,'Unpaid'),('BCMS:43433','2018-12-01','2018-11-30','2018-12-31','Quincy','BCMS','BCMS','CONVENTUS','Portfolio Management Base Fee Client [Conventus Capital LLC] ',2000,500.00,25.00,'Paid'),('BOOK:43432','2018-11-30','2018-11-30','2018-11-30','Quincy','BOOK','BOOK','CONVENTUS','MRC risk platform & non-US FIX Equities drop copy fee [client CONVENTUS]',500,125.00,25.00,'Paid'),('BOOK:43432','2018-11-30','2018-11-30','2018-11-30','Quincy','BOOK','BOOK','CONVENTUS','MRC risk platform & US FIX Equities drop copy fee [client CONVENTUS]',500,125.00,25.00,'Paid'),('BTIG:43432','2018-11-30','2018-11-30','2018-11-30','Quincy','BTIG','BTIG','POTOMAC','MRC OMS & FIX Equitiies order routing fee [client POTOMAC]',500,125.00,25.00,'Paid'),('CHLM:43432','2018-11-30','2018-11-30','2018-11-30','Quincy','CHLM','CHLM','POTOMAC','MRC OMS & FIX Equities order routing fee [client POTOMAC]',500,125.00,25.00,'Paid'),('GS:43432','2018-11-30','2018-11-30','2018-11-30','Quincy','GSCO','GS','CONVENTUS','MRC risk platform & FIX Equities drop copy fee [client CONVENTUS]',500,125.00,25.00,'Paid'),('JEFF:43432','2018-11-30','2018-11-30','2018-11-30','Quincy','JEFF','JEFF','CONVENTUS','MRC FIX Two Way Connection Equities [Client Conventus] Jason Mallor',500,125.00,25.00,'Paid'),('JEFF:43432','2018-11-30','2018-11-30','2018-11-30','Quincy','JEFF','JEFF','CONVENTUS','MRC risk platform & FIX Equities drop copy fee BBG/REDI [client CONVENTUS]',300,75.00,25.00,'Paid'),('JEFF:43432','2018-11-30','2018-11-30','2018-11-30','Quincy','JEFF','JEFF','POTOMAC','MRC OMS & FIX Equities order routing fee [client POTOMAC]',500,125.00,25.00,'Paid'),('JEFF:43432','2018-11-30','2018-11-30','2018-11-30','Quincy','JEFF','JEFF','POTOMAC','MRC OMS & FIX Options order routing fee client POTOMAC',500,125.00,25.00,'Paid'),('JONE:43432','2018-11-30','2018-11-30','2018-11-30','Quincy','JONE','JONE','JONES','2 way fix connection: Hunter\'s Peak to Jones (Eze OMS)',150,37.50,25.00,'Paid'),('JONE:43432','2018-11-30','2018-11-30','2018-12-31','Quincy','JONE','JONE','JONES','Jones Icon Base Fee (Next month\'s service)',12000,3000.00,25.00,'Paid'),('JONE:43432','2018-11-30','2018-11-30','2018-11-30','Quincy','JONE','JONE','JONES','Kynikos FIX Order Routing Connection',150,37.50,25.00,'Paid'),('JONE:43432','2018-11-30','2018-11-30','2018-11-30','Quincy','JONE','JONE','JONES','MRC FIC Two Way FIX Connection Equities Client LANDSCAPE via Victor Securities',150,37.50,25.00,'Paid'),('JONE:43432','2018-11-30','2018-11-30','2018-11-30','Quincy','JONE','JONE','JONES','MRC Pleasant Lake Partners platform charge ',1300,325.00,25.00,'Paid'),('JONE:43432','2018-11-30','2018-11-30','2018-11-30','Quincy','JONE','JONE','JONES','Parametric FIX Order Routing',150,37.50,25.00,'Unpaid'),('JONE:43432','2018-11-30','2018-11-30','2018-11-30','Quincy','JONE','JONE','POTOMAC','MRC OMS & FIX Equities order routing fee [client POTOMAC]',500,125.00,25.00,'Paid'),('ML:43432','2018-11-30','2018-11-30','2018-11-30','Quincy','MLCO','ML','CONVENTUS','MRC risk platform & FIX Equities drop copy fee [client CONVENTUS]',300,75.00,25.00,'Paid'),('NITE:43432','2018-11-30','2018-11-30','2018-11-30','Quincy','NITE2','NITE','POTOMAC','MRC OMS & FIX Equities order routing fee [client POTOMAC]',500,125.00,25.00,'Paid'),('RILY:43432','2018-11-30','2018-11-30','2018-11-30','Quincy','RILY','RILY','POTOMAC','MRC OMS & FIX Equitiies order routing fee [client POTOMAC]',250,62.50,25.00,'Paid'),('RILY:43432','2018-11-30','2018-11-30','2018-11-30','Quincy','RILY','RILY','RILY','MRC FIX Doheny Order Routing',150,37.50,25.00,'Paid'),('RILY:43432','2018-11-30','2018-11-30','2018-11-30','Quincy','RILY','RILY','RILY','MRC FIX Granite Capital Order Routing',150,37.50,25.00,'Paid'),('RILY:43432','2018-11-30','2018-11-30','2018-11-30','Quincy','RILY','RILY','RILY','MRC FIX Manatuck Order Routing',150,37.50,25.00,'Paid'),('UBSW:43432','2018-11-30','2018-11-30','2018-11-30','Quincy','UBS2','UBSW','CONVENTUS','MRC risk platform & FIX Equities drop copy fee [client CONVENTUS]',300,75.00,25.00,'Paid'),('WCHV:43432','2018-11-30','2018-11-30','2018-11-30','Quincy','WCHV2','WCHV','CONVENTUS','MRC FIX Two Way Connection Equities [Client Conventus] Jason Mallor',500,125.00,25.00,'Paid'),('WEED:43432','2018-11-30','2018-11-30','2018-11-30','Quincy','WEED','WEED','LINCOLN','MRC FIX: Lincoln Capital',500,125.00,25.00,'Unpaid'),('BCMS:43464','2019-01-01','2018-12-31','2019-01-31','Quincy','BCMS','BCMS','CONVENTUS','Portfolio Management Base Fee Client [Conventus Capital LLC] ',2000,500.00,25.00,'Paid'),('BOOK:43463','2018-12-31','2018-12-31','2018-12-31','Quincy','BOOK','BOOK','CONVENTUS','MRC risk platform & non-US FIX Equities drop copy fee [client CONVENTUS]',500,125.00,25.00,'Paid'),('BOOK:43463','2018-12-31','2018-12-31','2018-12-31','Quincy','BOOK','BOOK','CONVENTUS','MRC risk platform & US FIX Equities drop copy fee [client CONVENTUS]',500,125.00,25.00,'Paid'),('BTIG:43463','2018-12-31','2018-12-31','2018-12-31','Quincy','BTIG','BTIG','POTOMAC','MRC OMS & FIX Equitiies order routing fee [client POTOMAC]',500,125.00,25.00,'Paid'),('CHLM:43463','2018-12-31','2018-12-31','2018-12-31','Quincy','CHLM','CHLM','POTOMAC','MRC OMS & FIX Equities order routing fee [client POTOMAC]',500,125.00,25.00,'Paid'),('GS:43463','2018-12-31','2018-12-31','2018-12-31','Quincy','GSCO','GS','CONVENTUS','MRC risk platform & FIX Equities drop copy fee [client CONVENTUS]',500,125.00,25.00,'Paid'),('JEFF:43463','2018-12-31','2018-12-31','2018-12-31','Quincy','JEFF','JEFF','CONVENTUS','MRC FIX Two Way Connection Equities [Client Conventus] Jason Mallor',500,125.00,25.00,'Paid'),('JEFF:43463','2018-12-31','2018-12-31','2018-12-31','Quincy','JEFF','JEFF','CONVENTUS','MRC risk platform & FIX Equities drop copy fee BBG/REDI [client CONVENTUS]',300,75.00,25.00,'Paid'),('JEFF:43463','2018-12-31','2018-12-31','2018-12-31','Quincy','JEFF','JEFF','POTOMAC','MRC OMS & FIX Equities order routing fee [client POTOMAC]',500,125.00,25.00,'Paid'),('JEFF:43463','2018-12-31','2018-12-31','2018-12-31','Quincy','JEFF','JEFF','POTOMAC','MRC OMS & FIX Options order routing fee client POTOMAC',500,125.00,25.00,'Paid'),('JONE:43463','2018-12-31','2018-12-31','2018-12-31','Quincy','JONE','JONE','JONES','2 way fix connection: Hunter\'s Peak to Jones (Eze OMS)',150,37.50,25.00,'Paid'),('JONE:43463','2018-12-31','2018-12-31','2019-01-31','Quincy','JONE','JONE','JONES','Jones Icon Base Fee (Next month\'s service)',12000,3000.00,25.00,'Paid'),('JONE:43463','2018-12-31','2018-12-31','2018-12-31','Quincy','JONE','JONE','JONES','Kynikos FIX Order Routing Connection',150,37.50,25.00,'Paid'),('JONE:43463','2018-12-31','2018-12-31','2018-12-31','Quincy','JONE','JONE','JONES','MRC FIC Two Way FIX Connection Equities Client LANDSCAPE via Victor Securities',150,37.50,25.00,'Paid'),('JONE:43463','2018-12-31','2018-12-31','2018-12-31','Quincy','JONE','JONE','JONES','MRC Pleasant Lake Partners platform charge ',1300,325.00,25.00,'Paid'),('JONE:43463','2018-12-31','2018-12-31','2018-12-31','Quincy','JONE','JONE','JONES','Parametric FIX Order Routing',150,37.50,25.00,'Unpaid'),('JONE:43463','2018-12-31','2018-12-31','2018-12-31','Quincy','JONE','JONE','POTOMAC','MRC OMS & FIX Equities order routing fee [client POTOMAC]',500,125.00,25.00,'Paid'),('ML:43463','2018-12-31','2018-12-31','2018-12-31','Quincy','MLCO','ML','CONVENTUS','MRC risk platform & FIX Equities drop copy fee [client CONVENTUS]',300,75.00,25.00,'Paid'),('NITE:43463','2018-12-31','2018-12-31','2018-12-31','Quincy','NITE2','NITE','POTOMAC','MRC OMS & FIX Equities order routing fee [client POTOMAC]',500,125.00,25.00,'Paid'),('RILY:43463','2018-12-31','2018-12-31','2018-12-31','Quincy','RILY','RILY','POTOMAC','MRC OMS & FIX Equitiies order routing fee [client POTOMAC]',250,62.50,25.00,'Paid'),('RILY:43463','2018-12-31','2018-12-31','2018-12-31','Quincy','RILY','RILY','RILY','MRC FIX Doheny Order Routing',150,37.50,25.00,'Paid'),('RILY:43463','2018-12-31','2018-12-31','2018-12-31','Quincy','RILY','RILY','RILY','MRC FIX Granite Capital Order Routing',150,37.50,25.00,'Paid'),('RILY:43463','2018-12-31','2018-12-31','2018-12-31','Quincy','RILY','RILY','RILY','MRC FIX Manatuck Order Routing',150,37.50,25.00,'Paid'),('UBSW:43463','2018-12-31','2018-12-31','2018-12-31','Quincy','UBS2','UBSW','CONVENTUS','MRC risk platform & FIX Equities drop copy fee [client CONVENTUS]',300,75.00,25.00,'Paid'),('WCHV:43463','2018-12-31','2018-12-31','2018-12-31','Quincy','WCHV2','WCHV','CONVENTUS','MRC FIX Two Way Connection Equities [Client Conventus] Jason Mallor',500,125.00,25.00,'Paid'),('WEED:43463','2018-12-31','2018-12-31','2018-12-31','Quincy','WEED','WEED','LINCOLN','MRC FIX: Lincoln Capital',500,125.00,25.00,'Unpaid'),('BCMS:43495','2019-02-01','2019-01-31','2019-02-28','Quincy','BCMS','BCMS','CONVENTUS','Portfolio Management Base Fee Client [Conventus Capital LLC] ',2000,500.00,25.00,'Paid'),('BOOK:43494','2019-01-31','2019-01-31','2019-01-31','Quincy','BOOK','BOOK','CONVENTUS','MRC risk platform & non-US FIX Equities drop copy fee [client CONVENTUS]',500,125.00,25.00,'Paid'),('BOOK:43494','2019-01-31','2019-01-31','2019-01-31','Quincy','BOOK','BOOK','CONVENTUS','MRC risk platform & US FIX Equities drop copy fee [client CONVENTUS]',500,125.00,25.00,'Paid'),('BTIG:43494','2019-01-31','2019-01-31','2019-01-31','Quincy','BTIG','BTIG','POTOMAC','MRC OMS & FIX Equitiies order routing fee [client POTOMAC]',500,125.00,25.00,'Paid'),('CHLM:43494','2019-01-31','2019-01-31','2019-01-31','Quincy','CHLM','CHLM','POTOMAC','MRC OMS & FIX Equities order routing fee [client POTOMAC]',500,125.00,25.00,'Paid'),('GS:43494','2019-01-31','2019-01-31','2019-01-31','Quincy','GSCO','GS','CONVENTUS','MRC risk platform & FIX Equities drop copy fee [client CONVENTUS]',500,125.00,25.00,'Paid'),('JEFF:43494','2019-01-31','2019-01-31','2019-01-31','Quincy','JEFF','JEFF','CONVENTUS','MRC FIX Two Way Connection Equities [Client Conventus] Jason Mallor',500,125.00,25.00,'Paid'),('JEFF:43494','2019-01-31','2019-01-31','2019-01-31','Quincy','JEFF','JEFF','CONVENTUS','MRC risk platform & FIX Equities drop copy fee BBG/REDI [client CONVENTUS]',300,75.00,25.00,'Paid'),('JEFF:43494','2019-01-31','2019-01-31','2019-01-31','Quincy','JEFF','JEFF','POTOMAC','MRC OMS & FIX Equities order routing fee [client POTOMAC]',500,125.00,25.00,'Paid'),('JEFF:43494','2019-01-31','2019-01-31','2019-01-31','Quincy','JEFF','JEFF','POTOMAC','MRC OMS & FIX Options order routing fee client POTOMAC',500,125.00,25.00,'Paid'),('JONE:43494','2019-01-31','2019-01-31','2019-01-31','Quincy','JONE','JONE','JONES','2 way fix connection: Hunter\'s Peak to Jones (Eze OMS)',150,37.50,25.00,'Paid'),('JONE:43494','2019-01-31','2019-01-31','2019-02-28','Quincy','JONE','JONE','JONES','Jones Icon Base Fee (Next month\'s service)',12000,3000.00,25.00,'Paid'),('JONE:43494','2019-01-31','2019-01-31','2019-01-31','Quincy','JONE','JONE','JONES','Kynikos FIX Order Routing Connection',150,37.50,25.00,'Paid'),('JONE:43494','2019-01-31','2019-01-31','2019-01-31','Quincy','JONE','JONE','JONES','MRC FIC Two Way FIX Connection Equities Client LANDSCAPE via Victor Securities',150,37.50,25.00,'Paid'),('JONE:43494','2019-01-31','2019-01-31','2019-01-31','Quincy','JONE','JONE','JONES','MRC Pleasant Lake Partners platform charge ',1300,325.00,25.00,'Paid'),('JONE:43494','2019-01-31','2019-01-31','2019-01-31','Quincy','JONE','JONE','JONES','Parametric FIX Order Routing',150,37.50,25.00,'Unpaid'),('JONE:43494','2019-01-31','2019-01-31','2019-01-31','Quincy','JONE','JONE','POTOMAC','MRC OMS & FIX Equities order routing fee [client POTOMAC]',500,125.00,25.00,'Paid'),('ML:43494','2019-01-31','2019-01-31','2019-01-31','Quincy','MLCO','ML','CONVENTUS','MRC risk platform & FIX Equities drop copy fee [client CONVENTUS]',300,75.00,25.00,'Paid'),('NITE:43494','2019-01-31','2019-01-31','2019-01-31','Quincy','NITE2','NITE','POTOMAC','MRC OMS & FIX Equities order routing fee [client POTOMAC]',500,125.00,25.00,'Paid'),('RILY:43494','2019-01-31','2019-01-31','2019-01-31','Quincy','RILY','RILY','POTOMAC','MRC OMS & FIX Equitiies order routing fee [client POTOMAC]',250,62.50,25.00,'Unpaid'),('RILY:43494','2019-01-31','2019-01-31','2019-01-31','Quincy','RILY','RILY','RILY','MRC FIX Doheny Order Routing',150,37.50,25.00,'Unpaid'),('RILY:43494','2019-01-31','2019-01-31','2019-01-31','Quincy','RILY','RILY','RILY','MRC FIX Granite Capital Order Routing',150,37.50,25.00,'Unpaid'),('RILY:43494','2019-01-31','2019-01-31','2019-01-31','Quincy','RILY','RILY','RILY','MRC FIX Manatuck Order Routing',150,37.50,25.00,'Unpaid'),('UBSW:43494','2019-01-31','2019-01-31','2019-01-31','Quincy','UBS2','UBSW','CONVENTUS','MRC risk platform & FIX Equities drop copy fee [client CONVENTUS]',300,75.00,25.00,'Paid'),('WCHV:43494','2019-01-31','2019-01-31','2019-01-31','Quincy','WCHV2','WCHV','CONVENTUS','MRC FIX Two Way Connection Equities [Client Conventus] Jason Mallor',500,125.00,25.00,'Paid'),('WEED:43494','2019-01-31','2019-01-31','2019-01-31','Quincy','WEED','WEED','LINCOLN','MRC FIX: Lincoln Capital',500,125.00,25.00,'Unpaid'),('BCMS:43523','2019-03-01','2019-02-28','2019-03-31','Quincy','BCMS','BCMS','CONVENTUS','Portfolio Management Base Fee Client [Conventus Capital LLC] ',2000,500.00,25.00,'Paid'),('BOOK:43522','2019-02-28','2019-02-28','2019-02-28','Quincy','BOOK','BOOK','CONVENTUS','MRC risk platform & non-US FIX Equities drop copy fee [client CONVENTUS]',500,125.00,25.00,'Unpaid'),('BOOK:43522','2019-02-28','2019-02-28','2019-02-28','Quincy','BOOK','BOOK','CONVENTUS','MRC risk platform & US FIX Equities drop copy fee [client CONVENTUS]',500,125.00,25.00,'Unpaid'),('BTIG:43522','2019-02-28','2019-02-28','2019-02-28','Quincy','BTIG','BTIG','POTOMAC','MRC OMS & FIX Equitiies order routing fee [client POTOMAC]',500,125.00,25.00,'Unpaid'),('CHLM:43522','2019-02-28','2019-02-28','2019-02-28','Quincy','CHLM','CHLM','POTOMAC','MRC OMS & FIX Equities order routing fee [client POTOMAC]',500,125.00,25.00,'Paid'),('GS:43522','2019-02-28','2019-02-28','2019-02-28','Quincy','GSCO','GS','CONVENTUS','MRC risk platform & FIX Equities drop copy fee [client CONVENTUS]',500,125.00,25.00,'Paid'),('JEFF:43522','2019-02-28','2019-02-28','2019-02-28','Quincy','JEFF','JEFF','CONVENTUS','MRC FIX Two Way Connection Equities [Client Conventus] Jason Mallor',500,125.00,25.00,'Paid'),('JEFF:43522','2019-02-28','2019-02-28','2019-02-28','Quincy','JEFF','JEFF','CONVENTUS','MRC risk platform & FIX Equities drop copy fee BBG/REDI [client CONVENTUS]',300,75.00,25.00,'Paid'),('JEFF:43522','2019-02-28','2019-02-28','2019-02-28','Quincy','JEFF','JEFF','POTOMAC','MRC OMS & FIX Equities order routing fee [client POTOMAC]',500,125.00,25.00,'Paid'),('JEFF:43522','2019-02-28','2019-02-28','2019-02-28','Quincy','JEFF','JEFF','POTOMAC','MRC OMS & FIX Options order routing fee client POTOMAC',500,125.00,25.00,'Paid'),('JONE:43522','2019-02-28','2019-02-28','2019-02-28','Quincy','JONE','JONE','JONES','2 way fix connection: Hunter\'s Peak to Jones (Eze OMS)',150,37.50,25.00,'Paid'),('JONE:43522','2019-02-28','2019-02-28','2019-03-31','Quincy','JONE','JONE','JONES','Jones Icon Base Fee (Next month\'s service)',12000,3000.00,25.00,'Paid'),('JONE:43522','2019-02-28','2019-02-28','2019-02-28','Quincy','JONE','JONE','JONES','Kynikos FIX Order Routing Connection',150,37.50,25.00,'Paid'),('JONE:43522','2019-02-28','2019-02-28','2019-02-28','Quincy','JONE','JONE','JONES','MRC FIC Two Way FIX Connection Equities Client LANDSCAPE via Victor Securities',150,37.50,25.00,'Unpaid'),('JONE:43522','2019-02-28','2019-02-28','2019-02-28','Quincy','JONE','JONE','JONES','MRC Pleasant Lake Partners platform charge ',1300,325.00,25.00,'Unpaid'),('JONE:43522','2019-02-28','2019-02-28','2019-02-28','Quincy','JONE','JONE','JONES','Parametric FIX Order Routing',150,37.50,25.00,'Unpaid'),('JONE:43522','2019-02-28','2019-02-28','2019-02-28','Quincy','JONE','JONE','POTOMAC','MRC OMS & FIX Equities order routing fee [client POTOMAC]',500,125.00,25.00,'Paid'),('ML:43522','2019-02-28','2019-02-28','2019-02-28','Quincy','MLCO','ML','CONVENTUS','MRC risk platform & FIX Equities drop copy fee [client CONVENTUS]',300,75.00,25.00,'Paid'),('NITE:43522','2019-02-28','2019-02-28','2019-02-28','Quincy','NITE2','NITE','POTOMAC','MRC OMS & FIX Equities order routing fee [client POTOMAC]',500,125.00,25.00,'Paid'),('RILY:43522','2019-02-28','2019-02-28','2019-02-28','Quincy','RILY','RILY','POTOMAC','MRC OMS & FIX Equitiies order routing fee [client POTOMAC]',250,62.50,25.00,'Unpaid'),('RILY:43522','2019-02-28','2019-02-28','2019-02-28','Quincy','RILY','RILY','RILY','MRC FIX Doheny Order Routing',150,37.50,25.00,'Unpaid'),('RILY:43522','2019-02-28','2019-02-28','2019-02-28','Quincy','RILY','RILY','RILY','MRC FIX Granite Capital Order Routing',150,37.50,25.00,'Unpaid'),('RILY:43522','2019-02-28','2019-02-28','2019-02-28','Quincy','RILY','RILY','RILY','MRC FIX Manatuck Order Routing',150,37.50,25.00,'Unpaid'),('UBSW:43522','2019-02-28','2019-02-28','2019-02-28','Quincy','UBS2','UBSW','CONVENTUS','MRC risk platform & FIX Equities drop copy fee [client CONVENTUS]',300,75.00,25.00,'Paid'),('WCHV:43522','2019-02-28','2019-02-28','2019-02-28','Quincy','WCHV2','WCHV','CONVENTUS','MRC FIX Two Way Connection Equities [Client Conventus] Jason Mallor',500,125.00,25.00,'Paid'),('WEED:43522','2019-02-28','2019-02-28','2019-02-28','Quincy','WEED','WEED','LINCOLN','MRC FIX: Lincoln Capital',500,125.00,25.00,'Unpaid');
/*!40000 ALTER TABLE `invoices` ENABLE KEYS */;
UNLOCK TABLES;

--
-- Table structure for table `line_item`
--

DROP TABLE IF EXISTS `line_item`;
/*!40101 SET @saved_cs_client     = @@character_set_client */;
/*!40101 SET character_set_client = utf8 */;
CREATE TABLE `line_item` (
  `Payee` varchar(10) NOT NULL,
  `Attributable` varchar(25) NOT NULL,
  `BillingCode` varchar(25) NOT NULL,
  `Description` varchar(255) NOT NULL,
  `Rate` decimal(10,0) NOT NULL,
  `Commission` decimal(10,2) NOT NULL,
  `Percentage` decimal(10,2) NOT NULL,
  `Status` varchar(25) NOT NULL,
  PRIMARY KEY (`Attributable`,`BillingCode`,`Description`)
) ENGINE=InnoDB DEFAULT CHARSET=latin1;
/*!40101 SET character_set_client = @saved_cs_client */;

--
-- Dumping data for table `line_item`
--

LOCK TABLES `line_item` WRITE;
/*!40000 ALTER TABLE `line_item` DISABLE KEYS */;
INSERT INTO `line_item` VALUES ('Quincy','CONVENTUS','BCMS','Portfolio Management Base Fee Client [Conventus Capital LLC] ',2000,500.00,25.00,'Unpaid'),('Quincy','CONVENTUS','BOOK','MRC risk platform & non-US FIX Equities drop copy fee [client CONVENTUS]',500,125.00,25.00,'Unpaid'),('Quincy','CONVENTUS','BOOK','MRC risk platform & US FIX Equities drop copy fee [client CONVENTUS]',500,125.00,25.00,'Unpaid'),('Quincy','CONVENTUS','GS','MRC risk platform & FIX Equities drop copy fee [client CONVENTUS]',500,125.00,25.00,'Unpaid'),('Quincy','CONVENTUS','JEFF','MRC FIX Two Way Connection Equities [Client Conventus] Jason Mallor',500,125.00,25.00,'Unpaid'),('Quincy','CONVENTUS','JEFF','MRC risk platform & FIX Equities drop copy fee BBG/REDI [client CONVENTUS]',300,75.00,25.00,'Unpaid'),('Quincy','CONVENTUS','ML','MRC risk platform & FIX Equities drop copy fee [client CONVENTUS]',300,75.00,25.00,'Unpaid'),('Quincy','CONVENTUS','UBSW','MRC risk platform & FIX Equities drop copy fee [client CONVENTUS]',300,75.00,25.00,'Unpaid'),('Quincy','CONVENTUS','WCHV','MRC FIX Two Way Connection Equities [Client Conventus] Jason Mallor',500,125.00,25.00,'Unpaid'),('Quincy','JONES','JONE','2 way fix connection: Hunter\'s Peak to Jones (Eze OMS)',150,37.50,25.00,'Unpaid'),('Quincy','JONES','JONE','Jones Icon Base Fee (Next month\'s service)',12000,3000.00,25.00,'Unpaid'),('Quincy','JONES','JONE','Kynikos FIX Order Routing Connection',150,37.50,25.00,'Unpaid'),('Quincy','JONES','JONE','MRC FIC Two Way FIX Connection Equities Client LANDSCAPE via Victor Securities',150,37.50,25.00,'Unpaid'),('Quincy','JONES','JONE','MRC Pleasant Lake Partners platform charge ',1300,325.00,25.00,'Unpaid'),('Quincy','JONES','JONE','Parametric FIX Order Routing',150,37.50,25.00,'Unpaid'),('Quincy','LINCOLN','WEED','MRC FIX: Lincoln Capital',500,125.00,25.00,'Unpaid'),('Quincy','POTOMAC','BTIG','MRC OMS & FIX Equitiies order routing fee [client POTOMAC]',500,125.00,25.00,'Unpaid'),('Quincy','POTOMAC','CHLM','MRC OMS & FIX Equities order routing fee [client POTOMAC]',500,125.00,25.00,'Unpaid'),('Quincy','POTOMAC','JEFF','MRC OMS & FIX Equities order routing fee [client POTOMAC]',500,125.00,25.00,'Unpaid'),('Quincy','POTOMAC','JEFF','MRC OMS & FIX Options order routing fee client POTOMAC',500,125.00,25.00,'Unpaid'),('Quincy','POTOMAC','JONE','MRC OMS & FIX Equities order routing fee [client POTOMAC]',500,125.00,25.00,'Unpaid'),('Quincy','POTOMAC','NITE','MRC OMS & FIX Equities order routing fee [client POTOMAC]',500,125.00,25.00,'Unpaid'),('Quincy','POTOMAC','RILY','MRC OMS & FIX Equitiies order routing fee [client POTOMAC]',250,62.50,25.00,'Unpaid'),('Quincy','RILY','RILY','MRC FIX Doheny Order Routing',150,37.50,25.00,'Unpaid'),('Quincy','RILY','RILY','MRC FIX Granite Capital Order Routing',150,37.50,25.00,'Unpaid'),('Quincy','RILY','RILY','MRC FIX Manatuck Order Routing',150,37.50,25.00,'Unpaid');
/*!40000 ALTER TABLE `line_item` ENABLE KEYS */;
UNLOCK TABLES;

--
-- Table structure for table `next_day_invoice`
--

DROP TABLE IF EXISTS `next_day_invoice`;
/*!40101 SET @saved_cs_client     = @@character_set_client */;
/*!40101 SET character_set_client = utf8 */;
CREATE TABLE `next_day_invoice` (
  `Attributable` varchar(25) NOT NULL,
  `BillingCode` varchar(25) NOT NULL,
  `Description` varchar(255) NOT NULL
) ENGINE=InnoDB DEFAULT CHARSET=latin1;
/*!40101 SET character_set_client = @saved_cs_client */;

--
-- Dumping data for table `next_day_invoice`
--

LOCK TABLES `next_day_invoice` WRITE;
/*!40000 ALTER TABLE `next_day_invoice` DISABLE KEYS */;
INSERT INTO `next_day_invoice` VALUES ('ABBY','ABBY','Base OMS/EMS Fee'),('ABBY','ABBY','Clearing firm integration Wedbush'),('ABBY','ABBY','MRC User: Ed Coyle'),('ABBY','ABBY','MRC User: John Kerrigan'),('ABBY','ABBY','OATS Reporting (MPID APBI)'),('CONVENTUS','BCMS','Portfolio Management Base Fee Client [Conventus Capital LLC] ');
/*!40000 ALTER TABLE `next_day_invoice` ENABLE KEYS */;
UNLOCK TABLES;

--
-- Table structure for table `post_month_service`
--

DROP TABLE IF EXISTS `post_month_service`;
/*!40101 SET @saved_cs_client     = @@character_set_client */;
/*!40101 SET character_set_client = utf8 */;
CREATE TABLE `post_month_service` (
  `Attributable` varchar(25) NOT NULL,
  `BillingCode` varchar(25) NOT NULL,
  `Description` varchar(255) NOT NULL
) ENGINE=InnoDB DEFAULT CHARSET=latin1;
/*!40101 SET character_set_client = @saved_cs_client */;

--
-- Dumping data for table `post_month_service`
--

LOCK TABLES `post_month_service` WRITE;
/*!40000 ALTER TABLE `post_month_service` DISABLE KEYS */;
INSERT INTO `post_month_service` VALUES ('JONES','JONE','Jones Icon Base Fee (Next month\'s service)');
/*!40000 ALTER TABLE `post_month_service` ENABLE KEYS */;
UNLOCK TABLES;
/*!40103 SET TIME_ZONE=@OLD_TIME_ZONE */;

/*!40101 SET SQL_MODE=@OLD_SQL_MODE */;
/*!40014 SET FOREIGN_KEY_CHECKS=@OLD_FOREIGN_KEY_CHECKS */;
/*!40014 SET UNIQUE_CHECKS=@OLD_UNIQUE_CHECKS */;
/*!40101 SET CHARACTER_SET_CLIENT=@OLD_CHARACTER_SET_CLIENT */;
/*!40101 SET CHARACTER_SET_RESULTS=@OLD_CHARACTER_SET_RESULTS */;
/*!40101 SET COLLATION_CONNECTION=@OLD_COLLATION_CONNECTION */;
/*!40111 SET SQL_NOTES=@OLD_SQL_NOTES */;

-- Dump completed on 2019-04-05 21:31:38
